Id,Label,timeset,componentnumber,modularity_class,Authority,Hub,clustering,triangles,Eccentricity,closnesscentrality,harmonicclosnesscentrality,betweenesscentrality,eigencentrality
torvalds,torvalds,,0,0,0.000464,0.000464,1,6,7,0.271774,0.286658,0,0.005457
laruence,laruence,,0,0,0.000795,0.000795,0.333333,7,7,0.288364,0.306639,148.367369,0.009536
QuincyLarson,QuincyLarson,,0,0,0.015747,0.015747,0.095385,31,6,0.360759,0.394444,4553.493235,0.110025
fxsjy,fxsjy,,0,0,0.001335,0.001335,0.163636,9,6,0.306561,0.328031,771.957372,0.015395
ladyada,ladyada,,0,0,0.000464,0.000464,1,6,7,0.271774,0.286658,0,0.005457
JakeWharton,JakeWharton,,0,1,0.004351,0.004351,0.395604,36,5,0.319865,0.346043,507.319034,0.044717
greenrobot,greenrobot,,0,1,0.003854,0.003854,0.307692,28,6,0.314338,0.340214,527.073216,0.039719
jgilfelt,jgilfelt,,0,1,0.004549,0.004549,0.333333,35,6,0.32559,0.352105,836.604541,0.048733
kevinsawicki,kevinsawicki,,0,1,0.091864,0.091864,0.24472,591,5,0.412247,0.462846,11685.98647,0.582871
chrisjenx,chrisjenx,,0,1,0.013037,0.013037,0.244318,129,6,0.353598,0.391189,2686.902914,0.121713
RomainPiel,RomainPiel,,0,1,0.005911,0.005911,0.311688,72,6,0.330371,0.360994,773.446413,0.066588
ZhaoKaiQiang,ZhaoKaiQiang,,0,19,0.014658,0.014658,0.257971,267,5,0.368852,0.410624,3165.766695,0.159931
johnkil,johnkil,,0,19,0.00077,0.00077,0.333333,1,6,0.286817,0.303684,3.251958,0.011512
romannurik,romannurik,,0,1,0.002231,0.002231,0.217949,17,6,0.301481,0.32616,459.629071,0.029497
nickbutcher,nickbutcher,,0,1,0.00038,0.00038,0.7,7,6,0.25668,0.27232,2.136724,0.007462
chiuki,chiuki,,0,1,0.000834,0.000834,0.333333,7,6,0.280973,0.299688,89.564016,0.012364
emilsjolander,emilsjolander,,0,1,0.013147,0.013147,0.228261,63,5,0.347138,0.379396,1362.63984,0.109057
kymjs,kymjs,,0,1,0.002612,0.002612,0.439394,29,5,0.311362,0.335517,144.30798,0.037632
PhilJay,PhilJay,,0,1,0.010104,0.010104,0.250712,88,5,0.35789,0.39115,1808.962042,0.106717
pyricau,pyricau,,0,1,0.008123,0.008123,0.3,36,5,0.332039,0.36039,768.699081,0.06686
ruanyf,ruanyf,,0,26,0.007593,0.007593,0.888889,136,5,0.33848,0.366452,1964.260071,0.094373
phodal,phodal,,0,26,0.011742,0.011742,0.297348,157,5,0.371739,0.408538,4349.71066,0.134121
onevcat,onevcat,,0,26,0.015939,0.015939,0.269512,221,5,0.376818,0.416589,4672.479095,0.170323
soffes,soffes,,0,26,0.007623,0.007623,0.80117,137,5,0.338748,0.367329,820.539038,0.095088
steipete,steipete,,0,26,0.017924,0.017924,0.64086,298,5,0.37765,0.412242,547.214087,0.189641
ashfurrow,ashfurrow,,0,26,0.017445,0.017445,0.476383,353,5,0.381186,0.419279,1636.222034,0.200137
sunnyxx,sunnyxx,,0,26,0.007639,0.007639,0.606061,140,5,0.339286,0.369045,3240.132229,0.096381
jessesquires,jessesquires,,0,26,0.008271,0.008271,0.636364,147,5,0.342685,0.372768,1775.643999,0.103495
modocache,modocache,,0,26,0.028016,0.028016,0.267054,368,5,0.403112,0.446608,6763.405024,0.270096
avdi,avdi,,0,26,0.01231,0.01231,0.333333,155,5,0.372874,0.406764,3236.663526,0.134271
chriseidhof,chriseidhof,,0,26,0.012913,0.012913,0.429885,187,5,0.36352,0.397739,2044.904369,0.14212
andymatuschak,andymatuschak,,0,26,0.007588,0.007588,1,136,5,0.337811,0.365185,0,0.093964
halfrost,halfrost,,0,26,0.010077,0.010077,0.324731,151,5,0.363212,0.397368,3874.348566,0.119821
skyline75489,skyline75489,,0,36,0.021849,0.021849,0.370986,335,5,0.394191,0.433372,3933.494336,0.224454
yulingtianxia,yulingtianxia,,0,26,0.016305,0.016305,0.532977,299,5,0.375989,0.412339,2822.119998,0.182231
robb,robb,,0,26,0.023825,0.023825,0.323671,335,5,0.397305,0.437096,5308.205151,0.237333
Raynos,Raynos,,0,13,0.054121,0.054121,0.280543,372,5,0.392382,0.436589,5691.708982,0.377419
supermarin,supermarin,,0,26,0.026495,0.026495,0.323129,380,5,0.398416,0.439435,4725.925159,0.259641
mubix,mubix,,0,4,0.000196,0.000196,0.5,3,6,0.25454,0.267271,1141.10053,0.004203
tj,tj,,0,7,0.013557,0.013557,0.247368,47,5,0.36383,0.394912,1524.487595,0.101049
technoweenie,technoweenie,,0,7,0.001945,0.001945,0.333333,1,6,0.293512,0.308791,26.607328,0.013991
ianstormtaylor,ianstormtaylor,,0,14,0.059046,0.059046,0.270613,256,6,0.393646,0.435185,2675.477017,0.37624
Caged,Caged,,0,7,0.011494,0.011494,0.32381,34,5,0.347702,0.37501,709.773056,0.079202
brentvatne,brentvatne,,0,36,0.004257,0.004257,0.186813,17,6,0.329353,0.354912,1531.297802,0.036591
xtaci,xtaci,,0,5,0.020298,0.020298,0.198606,171,5,0.390947,0.430721,6072.662529,0.171898
bradfitz,bradfitz,,0,6,0.008929,0.008929,0.261905,55,5,0.351707,0.379844,2770.441936,0.079903
josephmisiti,josephmisiti,,0,32,0.031747,0.031747,0.19519,211,6,0.389344,0.432222,6380.634321,0.231504
jgm,jgm,,0,7,0.003213,0.003213,0.24359,19,6,0.335426,0.359045,806.442988,0.033645
jwiegley,jwiegley,,0,9,0.004828,0.004828,0.192308,15,5,0.332814,0.3577,809.871759,0.040416
vmg,vmg,,0,36,0.004863,0.004863,0.21978,20,6,0.331395,0.356062,760.518123,0.051313
MarisaKirisame,MarisaKirisame,,0,36,0.011974,0.011974,0.292308,95,5,0.363366,0.396296,2816.858886,0.101812
JacksonTian,JacksonTian,,0,7,0.016652,0.016652,0.134921,51,5,0.362903,0.39809,3514.701904,0.11887
ericelliott,ericelliott,,0,14,0.04717,0.04717,0.379679,213,5,0.377317,0.414756,1555.86165,0.297654
sahat,sahat,,0,7,0.11462,0.11462,0.26087,612,5,0.403683,0.454776,10828.223267,0.667938
dead-horse,dead-horse,,0,7,0.010924,0.010924,0.272059,37,6,0.335426,0.364678,2101.893378,0.075071
rsms,rsms,,0,7,0.009308,0.009308,0.777778,28,6,0.324848,0.34924,89.45824,0.061151
iliakan,iliakan,,0,7,0.017507,0.017507,0.205534,52,6,0.359848,0.392904,2860.229927,0.12079
leeluolee,leeluolee,,0,7,0.015377,0.015377,0.301471,41,6,0.34448,0.374834,1865.399887,0.101381
benjamn,benjamn,,0,14,0.129697,0.129697,0.297731,761,5,0.40792,0.459669,5375.697863,0.772631
yyx990803,yyx990803,,0,9,0.169232,0.169232,0.302674,1030,5,0.415654,0.470682,8194.867267,0.971195
addyosmani,addyosmani,,0,9,0.103295,0.103295,0.527536,546,5,0.382379,0.424425,960.166384,0.596981
RubyLouvre,RubyLouvre,,0,8,0.082203,0.082203,0.784091,414,5,0.363675,0.400448,459.701866,0.459395
remy,remy,,0,18,0.11726,0.11726,0.408805,585,5,0.385135,0.431462,3962.404575,0.666358
mgechev,mgechev,,0,9,0.098466,0.098466,0.667828,575,5,0.368217,0.409025,310.711457,0.553245
nswbmw,nswbmw,,0,9,0.082575,0.082575,0.942529,410,5,0.356398,0.391423,8.624489,0.459032
mhevery,mhevery,,0,9,0.107873,0.107873,0.536348,605,5,0.378319,0.421754,872.341319,0.611104
amitshekhariitbhu,amitshekhariitbhu,,0,19,0.091885,0.091885,0.321449,550,5,0.396752,0.443567,9381.191423,0.558103
tylermcginnis,tylermcginnis,,0,9,0.100178,0.100178,0.431837,529,5,0.387404,0.431462,2079.395826,0.580145
DeborahK,DeborahK,,0,9,0.100292,0.100292,0.645626,583,5,0.369012,0.410195,342.540344,0.563956
IgorMinar,IgorMinar,,0,9,0.124205,0.124205,0.446115,712,5,0.385135,0.43193,1367.880527,0.707862
ashleygwilliams,ashleygwilliams,,0,9,0.096076,0.096076,0.595137,563,5,0.371255,0.412943,1125.076133,0.541991
hzoo,hzoo,,0,9,0.175015,0.175015,0.348264,1073,5,0.405983,0.46037,3373.203153,1
rwaldron,rwaldron,,0,36,0.112132,0.112132,0.401306,553,5,0.378821,0.424698,2901.485073,0.638592
suissa,suissa,,0,9,0.090498,0.090498,0.651494,458,5,0.363366,0.402008,1935.686219,0.504761
afc163,afc163,,0,9,0.098918,0.098918,0.500483,518,5,0.383408,0.425965,1006.994242,0.567584
juliemr,juliemr,,0,9,0.100032,0.100032,0.613108,580,5,0.375494,0.417076,496.781215,0.565267
robdodson,robdodson,,0,39,0.154048,0.154048,0.359937,920,5,0.4087,0.459552,6910.484593,0.887604
PascalPrecht,PascalPrecht,,0,9,0.099487,0.099487,0.580808,575,5,0.376486,0.418421,1033.276738,0.563466
purcell,purcell,,0,9,0.080734,0.080734,0.875269,407,5,0.358641,0.39425,445.840629,0.449426
akira-cn,akira-cn,,0,19,0.083046,0.083046,0.780303,412,5,0.360759,0.397368,620.5146,0.465016
bvaughn,bvaughn,,0,9,0.170495,0.170495,0.41118,993,5,0.39916,0.450819,2667.202292,0.966409
camsong,camsong,,0,9,0.155397,0.155397,0.510812,874,5,0.392202,0.439688,903.975945,0.875671
kara,kara,,0,9,0.100584,0.100584,0.541166,585,5,0.374671,0.417349,872.60891,0.569498
matsko,matsko,,0,9,0.096387,0.096387,0.547826,567,5,0.378319,0.420565,1875.754128,0.549602
latentflip,latentflip,,0,9,0.092874,0.092874,0.496124,448,5,0.379663,0.420955,1670.832619,0.53374
markdalgleish,markdalgleish,,0,9,0.094825,0.094825,0.59698,514,5,0.378319,0.419435,621.45053,0.541085
zeke,zeke,,0,9,0.08303,0.08303,0.629129,419,5,0.373852,0.411618,1837.417141,0.471633
Urigo,Urigo,,0,9,0.089991,0.089991,0.661451,465,5,0.36414,0.402943,587.249003,0.504995
willianjusten,willianjusten,,0,10,0.016385,0.016385,0.43956,40,6,0.344342,0.373606,626.854687,0.104026
samdark,samdark,,0,23,0.029979,0.029979,0.19697,104,6,0.37632,0.412768,3086.487371,0.193205
brunocvcunha,brunocvcunha,,0,11,0.021875,0.021875,0.281385,65,6,0.364606,0.396277,1463.119226,0.142613
unicodeveloper,unicodeveloper,,0,9,0.015347,0.015347,1,36,6,0.332039,0.357057,0,0.093357
janl,janl,,0,12,0.024498,0.024498,0.187192,76,6,0.352287,0.387817,2852.890702,0.158359
fzaninotto,fzaninotto,,0,12,0.01903,0.01903,0.367647,50,6,0.349122,0.378441,555.692213,0.121215
jeresig,jeresig,,0,9,0.100241,0.100241,0.57259,493,5,0.375,0.416043,668.994955,0.572528
charliesome,charliesome,,0,36,0.099651,0.099651,0.339383,561,5,0.390589,0.437271,5160.3904,0.602301
mathiasbynens,mathiasbynens,,0,9,0.114074,0.114074,0.512411,578,5,0.37632,0.419747,973.917313,0.650371
sophiebits,sophiebits,,0,14,0.118272,0.118272,0.353781,669,5,0.405021,0.452105,4896.581605,0.711984
happypeter,happypeter,,0,5,0.106025,0.106025,0.45656,515,5,0.387755,0.430448,2463.327106,0.615668
mjackson,mjackson,,0,28,0.106408,0.106408,0.460606,456,5,0.380846,0.423275,1599.619072,0.606074
vhf,vhf,,0,23,0.092565,0.092565,0.621622,414,5,0.375659,0.414698,942.057735,0.52961
kangax,kangax,,0,9,0.110931,0.110931,0.537198,556,5,0.381696,0.42384,1170.291893,0.635768
hax,hax,,0,9,0.094082,0.094082,0.48948,442,5,0.374507,0.416491,2411.007778,0.539992
zpao,zpao,,0,36,0.168298,0.168298,0.281609,1078,5,0.429864,0.48423,9132.889318,0.994128
vjeux,vjeux,,0,14,0.098703,0.098703,0.465657,461,5,0.38427,0.426745,1731.161562,0.571308
STRML,STRML,,0,9,0.10419,0.10419,0.484736,524,5,0.382208,0.425302,2582.217032,0.602935
jlongster,jlongster,,0,9,0.089053,0.089053,0.682353,406,5,0.36981,0.407212,1579.917947,0.507353
alvarotrigo,alvarotrigo,,0,36,0.150671,0.150671,0.326175,881,5,0.416261,0.467115,8811.091715,0.879968
Rich-Harris,Rich-Harris,,0,9,0.108567,0.108567,0.47449,558,5,0.375824,0.420546,1199.297775,0.621109
paulcbetts,paulcbetts,,0,42,0.099818,0.099818,0.326811,618,5,0.408309,0.454542,6081.038766,0.634609
cpojer,cpojer,,0,9,0.107779,0.107779,0.403922,515,5,0.392202,0.436238,2908.410451,0.625679
xcatliu,xcatliu,,0,9,0.086701,0.086701,0.885057,385,5,0.362903,0.398694,92.46151,0.490054
zce,zce,,0,9,0.084389,0.084389,0.933498,379,5,0.363057,0.397563,169.230479,0.475897
Justineo,Justineo,,0,9,0.089075,0.089075,0.680672,405,5,0.368693,0.406686,358.057244,0.507884
jhusain,jhusain,,0,36,0.157957,0.157957,0.443357,951,5,0.407337,0.456277,1766.575335,0.914582
yisibl,yisibl,,0,8,0.085248,0.085248,0.821505,382,5,0.36949,0.405595,438.47812,0.484753
lelandrichardson,lelandrichardson,,0,42,0.09277,0.09277,0.530769,414,5,0.381016,0.420234,2114.452161,0.531799
krasimir,krasimir,,0,8,0.147839,0.147839,0.373402,876,5,0.411651,0.461559,5109.355676,0.863624
JeffreyZhao,JeffreyZhao,,0,18,0.005821,0.005821,0.416667,15,6,0.324601,0.347778,515.024665,0.039416
Yangqing,Yangqing,,0,42,0.007944,0.007944,0.195652,54,6,0.347561,0.380195,4223.75937,0.065288
davecheney,davecheney,,0,6,0.017164,0.017164,0.169591,29,5,0.357591,0.38692,3078.558433,0.109951
wenshao,wenshao,,0,28,0.009495,0.009495,0.152047,26,6,0.354331,0.383021,3006.007349,0.071143
eliben,eliben,,0,28,0.009614,0.009614,0.23,69,6,0.360455,0.3923,3306.159109,0.07998
stof,stof,,0,28,0.012271,0.012271,0.21978,20,6,0.347561,0.374366,1397.402784,0.081005
chriscoyier,chriscoyier,,0,22,0.044423,0.044423,0.342742,170,5,0.362595,0.399552,1559.622386,0.26847
BrendanEich,BrendanEich,,0,9,0.027702,0.027702,0.516667,62,6,0.336349,0.365322,476.635745,0.161856
harthur,harthur,,0,8,0.024319,0.024319,0.392157,60,5,0.340366,0.369591,1062.638789,0.144948
indexzero,indexzero,,0,13,0.029366,0.029366,0.315271,128,6,0.372063,0.407622,1753.889519,0.194652
nolanlawson,nolanlawson,,0,38,0.024902,0.024902,0.561905,59,6,0.334246,0.36232,970.731545,0.145888
maryrosecook,maryrosecook,,0,36,0.027144,0.027144,0.27668,70,6,0.352287,0.385556,1694.974515,0.167236
bodil,bodil,,0,9,0.020774,0.020774,0.404412,55,6,0.33101,0.360175,1292.286146,0.124379
Jinjiang,Jinjiang,,0,9,0.004328,0.004328,0,0,6,0.294726,0.312164,21.199914,0.02457
domenic,domenic,,0,38,0.053072,0.053072,0.24127,152,5,0.367742,0.406491,3270.77675,0.315244
mpj,mpj,,0,36,0.092468,0.092468,0.677098,476,6,0.387404,0.42653,412.269328,0.542829
leebyron,leebyron,,0,14,0.097497,0.097497,0.323529,429,5,0.387931,0.432242,2665.63078,0.579381
markzhai,markzhai,,0,19,0.0313,0.0313,0.3,57,6,0.357143,0.387271,2077.96299,0.189352
radar,radar,,0,36,0.036254,0.036254,0.414286,87,5,0.367268,0.398226,575.971875,0.220897
rwieruch,rwieruch,,0,5,0.053616,0.053616,0.352273,186,6,0.367268,0.404678,1918.459265,0.322431
rogerwang,rogerwang,,0,36,0.005182,0.005182,0.166667,1,6,0.306561,0.327349,122.710029,0.031777
bkeepers,bkeepers,,0,36,0.032752,0.032752,0.284127,179,5,0.36997,0.408012,1737.346687,0.228676
gaearon,gaearon,,0,36,0.005338,0.005338,1,6,6,0.298325,0.316179,0,0.032742
acdlite,acdlite,,0,9,0.067307,0.067307,0.292683,252,5,0.385309,0.426706,3012.951049,0.407333
f,f,,0,36,0.005338,0.005338,1,6,6,0.298325,0.316179,0,0.032742
stefanpenner,stefanpenner,,0,36,0.040967,0.040967,0.296296,112,5,0.363057,0.39731,1434.517,0.250625
davideast,davideast,,0,14,0.041276,0.041276,0.684783,189,6,0.333854,0.365789,994.518181,0.237985
jashkenas,jashkenas,,0,14,0.033085,0.033085,0.416667,115,5,0.372874,0.406569,872.351448,0.217121
petehunt,petehunt,,0,14,0.043537,0.043537,0.213531,202,6,0.393103,0.433762,4956.83471,0.293402
ryanflorence,ryanflorence,,0,14,0.031843,0.031843,0.423913,117,5,0.365229,0.398324,1760.329149,0.208354
maccman,maccman,,0,14,0.02897,0.02897,0.462451,117,6,0.362135,0.394717,434.533812,0.19134
casatwy,casatwy,,0,14,0.036796,0.036796,0.332981,315,5,0.398045,0.437524,4406.820689,0.300791
vczero,vczero,,0,14,0.032395,0.032395,0.261735,184,5,0.391484,0.430468,3987.153957,0.237978
leichunfeng,leichunfeng,,0,14,0.039563,0.039563,0.254694,312,5,0.404447,0.446862,5054.786167,0.320438
HenrikJoreteg,HenrikJoreteg,,0,14,0.02689,0.02689,0.376812,104,5,0.362135,0.395283,1465.312657,0.178202
r00k,r00k,,0,14,0.021469,0.021469,0.614379,94,6,0.356845,0.38655,1034.288748,0.146197
jakearchibald,jakearchibald,,0,18,0.021307,0.021307,0.202614,31,6,0.341045,0.370955,1299.922796,0.129634
paulirish,paulirish,,0,22,0.1131,0.1131,0.383838,570,5,0.399346,0.445049,4029.322997,0.667948
samccone,samccone,,0,22,0.00286,0.00286,0,0,6,0.285476,0.300351,0,0.016564
madskristensen,madskristensen,,0,38,0.012731,0.012731,0.533333,8,6,0.320585,0.342807,190.287161,0.073666
ljharb,ljharb,,0,9,0.130643,0.130643,0.348558,725,5,0.409483,0.457505,4519.944678,0.769171
fdaciuk,fdaciuk,,0,9,0.04421,0.04421,0.654412,89,5,0.345176,0.374483,463.727821,0.252919
ColinEberhardt,ColinEberhardt,,0,9,0.074073,0.074073,0.364865,243,5,0.376818,0.415302,1452.114029,0.436607
mixu,mixu,,0,22,0.021345,0.021345,0.345588,47,6,0.345315,0.374581,594.075749,0.132768
brunocasanova,brunocasanova,,0,22,0.004611,0.004611,0.194444,7,6,0.315149,0.337407,1068.218388,0.031984
jiyinyiyong,jiyinyiyong,,0,8,0.020169,0.020169,0.192308,15,5,0.337145,0.364347,552.429552,0.121431
azat-co,azat-co,,0,36,0.010952,0.010952,0.222222,38,6,0.351562,0.382476,1445.173496,0.08173
michaelliao,michaelliao,,0,36,0.079992,0.079992,0.402353,513,6,0.401975,0.445536,5900.365017,0.497821
fat,fat,,0,36,0.074943,0.074943,0.630631,420,6,0.386528,0.425556,1699.801125,0.449762
liaohuqiu,liaohuqiu,,0,19,0.078607,0.078607,0.390649,518,5,0.401032,0.445263,6661.414461,0.503473
lepture,lepture,,0,42,0.079417,0.079417,0.400709,452,6,0.398045,0.440429,4828.98718,0.485673
spf13,spf13,,0,6,0.0746,0.0746,0.526132,453,6,0.397859,0.436881,2690.761575,0.458992
sokra,sokra,,0,36,0.089121,0.089121,0.368973,528,6,0.406176,0.45039,3097.85882,0.547654
cowboy,cowboy,,0,36,0.073235,0.073235,0.877419,408,6,0.375989,0.412982,307.201579,0.434062
planetoftheweb,planetoftheweb,,0,14,0.11146,0.11146,0.336406,657,5,0.401408,0.448928,5314.578767,0.660641
jxnblk,jxnblk,,0,36,0.076026,0.076026,0.576248,427,6,0.384097,0.424152,3182.41296,0.454265
hzlzh,hzlzh,,0,15,0.070781,0.070781,0.873118,406,6,0.375165,0.412203,1022.635339,0.420183
gabrielecirulli,gabrielecirulli,,0,36,0.079497,0.079497,0.448659,485,5,0.398787,0.442047,3823.923943,0.490437
stubbornella,stubbornella,,0,11,0.073942,0.073942,0.471761,426,6,0.398045,0.438031,4913.037277,0.450915
kartik-v,kartik-v,,0,36,0.072277,0.072277,0.780303,412,6,0.381356,0.418733,614.975641,0.431721
dhg,dhg,,0,36,0.070719,0.070719,0.933333,406,6,0.374507,0.411033,854,0.419381
btholt,btholt,,0,26,0.073864,0.073864,0.600284,422,6,0.388636,0.427895,2629.326604,0.446943
tommy351,tommy351,,0,36,0.082681,0.082681,0.566667,442,6,0.382379,0.422749,1361.552208,0.490072
sevilayha,sevilayha,,0,36,0.071606,0.071606,0.65873,415,6,0.383925,0.423119,3094.938741,0.429656
rodrigobranas,rodrigobranas,,0,9,0.102738,0.102738,0.547641,592,6,0.386179,0.429084,1137.476245,0.601107
litten,litten,,0,16,0.074098,0.074098,0.596017,419,6,0.38427,0.423509,2175.376265,0.445434
juliangarnier,juliangarnier,,0,36,0.070813,0.070813,0.875269,407,6,0.374671,0.411618,1119.404014,0.42017
gavinkwoe,gavinkwoe,,0,36,0.078515,0.078515,0.351234,484,5,0.408505,0.451462,7550.18341,0.499473
mojombo,mojombo,,0,36,0.012397,0.012397,0.185714,39,5,0.350123,0.381559,1957.245913,0.093428
rakyll,rakyll,,0,13,0.026348,0.026348,0.189744,148,5,0.381867,0.421442,5703.566188,0.193814
NARKOZ,NARKOZ,,0,36,0.02269,0.02269,0.436923,142,5,0.365073,0.399961,956.507463,0.167893
davatron5000,davatron5000,,0,22,0.008029,0.008029,0.2,3,6,0.311249,0.332222,900.857738,0.048248
TooTallNate,TooTallNate,,0,36,0.011412,0.011412,0.127273,7,5,0.335821,0.362534,597.416422,0.073287
sindresorhus,sindresorhus,,0,17,0.000169,0.000169,1,1,7,0.257608,0.269719,0,0.00263
windiest,windiest,,0,17,0.004422,0.004422,0.071429,15,6,0.342137,0.371501,4231.54805,0.045393
mrmrs,mrmrs,,0,17,0.00228,0.00228,0.266667,4,6,0.299895,0.317524,1049.31686,0.016733
kennethreitz,kennethreitz,,0,36,0.0005,0.0005,0,0,6,0.269631,0.283899,20.712335,0.00503
nvie,nvie,,0,36,0.004976,0.004976,0.466667,56,6,0.332426,0.358148,925.51859,0.044874
laanwj,laanwj,,0,36,0.003404,0.003404,0.75,21,6,0.30427,0.323431,146.913334,0.026935
qiwsir,qiwsir,,0,5,0.027175,0.027175,0.132774,190,6,0.395467,0.439454,10636.601882,0.225869
barretlee,barretlee,,0,5,0.009505,0.009505,1,66,6,0.341454,0.366608,0,0.073354
dongweiming,dongweiming,,0,5,0.009664,0.009664,0.846154,66,6,0.344758,0.37076,93.910488,0.075464
soulmachine,soulmachine,,0,5,0.013281,0.013281,0.247984,123,6,0.36933,0.404405,5705.01254,0.113088
nelsonic,nelsonic,,0,5,0.027059,0.027059,0.225287,98,5,0.382893,0.417407,2839.861328,0.186851
hemanth,hemanth,,0,5,0.014352,0.014352,0.758242,69,6,0.345874,0.373041,135.10034,0.100233
winterbe,winterbe,,0,5,0.009685,0.009685,0.736264,67,6,0.344064,0.370234,197.678363,0.075597
smallnest,smallnest,,0,5,0.010682,0.010682,0.463158,88,6,0.348269,0.377914,1765.510598,0.085711
keon,keon,,0,32,0.013717,0.013717,0.326667,98,5,0.359697,0.392359,3251.983324,0.109392
dalinhuang99,dalinhuang99,,0,13,0.003707,0.003707,0.577778,26,6,0.30967,0.330214,202.847273,0.030606
chjj,chjj,,0,26,0.003952,0.003952,0.533333,24,6,0.307222,0.327778,122.125832,0.031728
jake100,jake100,,0,37,0.006021,0.006021,0.511111,23,6,0.319387,0.341774,256.931146,0.042781
sipa,sipa,,0,36,0.003423,0.003423,0.75,21,6,0.305248,0.324698,113.84425,0.027145
ekmett,ekmett,,0,36,0.002957,0.002957,0.095238,2,6,0.315615,0.335848,869.353398,0.023472
cloudhead,cloudhead,,0,36,0.002023,0.002023,0,0,7,0.286817,0.301064,0,0.012829
rnystrom,rnystrom,,0,14,0.003864,0.003864,0.321429,9,6,0.327712,0.348928,178.036933,0.036095
benbalter,benbalter,,0,36,0.000313,0.000313,0,0,6,0.259405,0.271092,0,0.00297
tenderlove,tenderlove,,0,36,0.018722,0.018722,0.317291,178,5,0.366795,0.403723,1832.437006,0.156872
schacon,schacon,,0,36,0.019943,0.019943,0.28629,142,5,0.363366,0.399376,1680.679569,0.158053
jinzhu,jinzhu,,0,5,0.00491,0.00491,0.366667,44,5,0.334638,0.362417,766.055646,0.050234
sebastianbergmann,sebastianbergmann,,0,8,0.002685,0.002685,0.333333,7,6,0.311589,0.331248,113.573035,0.023264
gitster,gitster,,0,7,0.001824,0.001824,1,6,6,0.301907,0.318967,0,0.016756
BYVoid,BYVoid,,0,3,0.003608,0.003608,0.355556,16,6,0.323251,0.345497,368.819664,0.033131
rs,rs,,0,36,0.003463,0.003463,0.338235,46,5,0.332426,0.359162,1201.351207,0.039879
tianyicui,tianyicui,,0,36,0.000699,0.000699,0.466667,7,6,0.290816,0.307524,81.875807,0.009557
daimajia,daimajia,,0,19,0.006809,0.006809,0.269231,21,6,0.334638,0.361598,320.420934,0.058847
koush,koush,,0,19,0.003419,0.003419,0.47619,10,6,0.309895,0.331754,55.793702,0.03062
lzyzsd,lzyzsd,,0,19,0.009218,0.009218,0.270655,95,6,0.351129,0.384308,4972.669569,0.096038
baoyongzhang,baoyongzhang,,0,19,0.008882,0.008882,0.315217,87,5,0.350554,0.383099,1993.280057,0.087264
xiyouMc,xiyouMc,,0,19,0.010157,0.010157,0.364532,148,6,0.352868,0.386803,1332.393779,0.10936
mariotaku,mariotaku,,0,19,0.006156,0.006156,0.511111,23,6,0.32671,0.350565,94.470804,0.052835
android-cjj,android-cjj,,0,19,0.004471,0.004471,0.294872,23,6,0.321308,0.344386,279.311886,0.042952
kyze8439690,kyze8439690,,0,1,0.00481,0.00481,0.362319,100,5,0.324109,0.354405,482.370999,0.072013
drakeet,drakeet,,0,19,0.004129,0.004129,0.208333,25,5,0.322034,0.347778,1208.330963,0.040361
defunkt,defunkt,,0,18,0.014606,0.014606,0.257895,49,5,0.355214,0.385127,804.162472,0.10373
creationix,creationix,,0,36,0.005969,0.005969,0.444444,16,6,0.316198,0.340156,149.900586,0.042143
nikic,nikic,,0,18,0.004577,0.004577,0.176471,27,6,0.334638,0.362515,1348.795619,0.045285
evanw,evanw,,0,14,0.00573,0.00573,0.345455,19,5,0.335294,0.359591,275.071963,0.046751
mikermcneil,mikermcneil,,0,13,0.016862,0.016862,0.306667,92,5,0.373037,0.405848,1886.034024,0.127328
chyyuu,chyyuu,,0,18,0.005736,0.005736,0.181818,10,5,0.33848,0.36306,670.991133,0.046512
madrobby,madrobby,,0,18,0.002074,0.002074,0.214286,6,6,0.317608,0.338713,222.199394,0.024016
tmm1,tmm1,,0,18,0.023615,0.023615,0.284014,334,5,0.382893,0.426062,6875.390679,0.233144
jakevdp,jakevdp,,0,7,0.012351,0.012351,0.301471,41,5,0.348837,0.377466,1200.280301,0.084379
sebmarkbage,sebmarkbage,,0,14,0.049112,0.049112,0.401709,141,5,0.361522,0.395595,702.091031,0.290527
alexjlockwood,alexjlockwood,,0,1,0.008694,0.008694,0.424242,28,6,0.332297,0.357251,782.693295,0.060414
JsAaron,JsAaron,,0,8,0.03509,0.03509,0.144144,96,5,0.379663,0.41809,3617.789421,0.225983
ahmetb,ahmetb,,0,42,0.010626,0.010626,0.272059,37,6,0.347138,0.375361,1061.568542,0.076096
skywind3000,skywind3000,,0,18,0.012086,0.012086,0.525641,41,6,0.341863,0.367875,115.513826,0.0866
llSourcell,llSourcell,,0,26,0.012255,0.012255,1,171,5,0.352577,0.381442,0,0.131222
hehonghui,hehonghui,,0,19,0.023032,0.023032,0.250505,372,5,0.394919,0.439786,8269.804119,0.251593
i5ting,i5ting,,0,26,0.014103,0.014103,0.586667,176,5,0.361064,0.393431,928.550022,0.146157
orta,orta,,0,26,0.022031,0.022031,0.406723,242,5,0.380677,0.417583,2250.918019,0.205109
bang590,bang590,,0,26,0.012841,0.012841,0.663043,183,5,0.356845,0.38846,2742.277229,0.139733
xinyu198736,xinyu198736,,0,26,0.018113,0.018113,0.402151,187,5,0.37029,0.40538,2915.455442,0.17443
c9s,c9s,,0,0,0.014174,0.014174,0.470443,191,5,0.36949,0.404347,2215.345327,0.15287
jverkoey,jverkoey,,0,26,0.016475,0.016475,0.568783,215,5,0.36711,0.400897,540.290598,0.16899
icanzilb,icanzilb,,0,26,0.012255,0.012255,1,171,5,0.352577,0.381442,0,0.131222
mbostock,mbostock,,0,8,0.000255,0.000255,0,0,7,0.244986,0.254525,0,0.002001
gorhill,gorhill,,0,8,0.010096,0.010096,0.8,36,6,0.324355,0.347817,854,0.065463
karpathy,karpathy,,0,32,0.001205,0.001205,0.4,6,7,0.296053,0.314105,304.175134,0.012555
kylemcdonald,kylemcdonald,,0,32,0.001704,0.001704,0.428571,9,6,0.308553,0.327817,275.471732,0.017555
shiffman,shiffman,,0,32,0.003306,0.003306,0.5,3,6,0.29916,0.317524,50.611896,0.021822
hardmaru,hardmaru,,0,32,0.000126,0.000126,0.1,1,6,0.256141,0.269552,413.055767,0.003561
geeeeeeeeek,geeeeeeeeek,,0,26,0.007994,0.007994,0.175824,16,6,0.341727,0.366511,1484.354672,0.058583
petewarden,petewarden,,0,42,0.002776,0.002776,0.333333,40,6,0.333463,0.359025,1309.480174,0.03482
hadley,hadley,,0,42,0.005145,0.005145,0.219048,23,5,0.328467,0.354795,1068.526058,0.043291
gvanrossum,gvanrossum,,0,11,0.000697,0.000697,1,6,6,0.279229,0.295536,0,0.007728
jvns,jvns,,0,11,0.001045,0.001045,0.333333,7,6,0.288267,0.307817,238.331929,0.011338
audreyt,audreyt,,0,11,0.004712,0.004712,0.351648,32,6,0.329099,0.354172,601.490748,0.04392
fool2fish,fool2fish,,0,26,0.000879,0.000879,1,1,6,0.287298,0.301891,0,0.009005
benoitc,benoitc,,0,12,0.005464,0.005464,0.238095,5,6,0.319985,0.342534,124.707817,0.037334
gabrielpconceicao,gabrielpconceicao,,0,22,0.003072,0.003072,0.2,3,6,0.304704,0.32345,74.024918,0.021855
fnando,fnando,,0,26,0.004232,0.004232,0.305556,11,6,0.323374,0.34501,261.748892,0.034065
joyeecheung,joyeecheung,,0,9,0.001935,0.001935,0,0,6,0.3,0.318519,198.193096,0.015415
island205,island205,,0,22,0.003299,0.003299,0.333333,2,6,0.292308,0.310448,53.601149,0.021149
mitchellh,mitchellh,,0,36,0.011246,0.011246,0.450593,114,5,0.344897,0.376842,1247.664415,0.097553
AdamBien,AdamBien,,0,36,0.000906,0.000906,0.5,3,6,0.29321,0.310097,43.900731,0.009958
ryanseys,ryanseys,,0,36,0.004471,0.004471,0.133333,6,5,0.3349,0.357563,695.832456,0.036792
felixge,felixge,,0,6,0.020166,0.020166,0.245161,114,6,0.37632,0.411345,3060.108482,0.156891
getify,getify,,0,23,0.023076,0.023076,0.846154,66,6,0.335557,0.362417,92.4025,0.136652
phuslu,phuslu,,0,36,0.026252,0.026252,0.193548,90,5,0.36445,0.400273,5372.247123,0.169101
soulwire,soulwire,,0,18,0.023225,0.023225,0.725275,66,6,0.338078,0.365614,977.663722,0.138615
pissang,pissang,,0,8,0.026959,0.026959,0.415789,79,5,0.346997,0.377446,1106.975916,0.163156
davidtmiller,davidtmiller,,0,18,0.022932,0.022932,1,66,6,0.333984,0.360078,0,0.135224
DrBoolean,DrBoolean,,0,23,0.005846,0.005846,0.288889,13,6,0.325219,0.349103,553.48679,0.042431
Trinea,Trinea,,0,19,0.010389,0.010389,0.479532,82,6,0.345036,0.374074,1226.614472,0.094094
singwhatiwanna,singwhatiwanna,,0,19,0.012679,0.012679,0.338624,128,6,0.352723,0.38692,1403.139759,0.120609
litesuits,litesuits,,0,19,0.009754,0.009754,0.394089,160,5,0.348695,0.382242,1065.638986,0.108558
xuyisheng,xuyisheng,,0,19,0.009703,0.009703,0.46,138,5,0.356102,0.388051,1081.168517,0.105458
kesenhoo,kesenhoo,,0,19,0.013303,0.013303,0.337815,201,6,0.361217,0.399045,2673.423767,0.137999
inferjay,inferjay,,0,19,0.009696,0.009696,0.380435,105,5,0.35789,0.389649,1569.877239,0.101783
crazycodeboy,crazycodeboy,,0,19,0.011597,0.011597,0.357955,189,5,0.359848,0.395984,1201.720411,0.126363
ManuelPeinado,ManuelPeinado,,0,19,0.008884,0.008884,0.373684,71,6,0.333593,0.364405,775.67971,0.080073
flavienlaurent,flavienlaurent,,0,17,0.003818,0.003818,0.133333,6,6,0.313992,0.33614,849.784622,0.031046
yangfuhai,yangfuhai,,0,5,0.006252,0.006252,0.275132,104,5,0.353452,0.385867,2763.808528,0.085714
xqq,xqq,,0,36,0.000352,0.000352,0.333333,1,6,0.262834,0.276257,27.282691,0.00469
Aufree,Aufree,,0,29,0.000588,0.000588,0.333333,1,6,0.287395,0.302924,13.067609,0.008407
mattt,mattt,,0,28,0.000321,0.000321,0,0,7,0.260274,0.27159,32.729789,0.002929
YouXianMing,YouXianMing,,0,28,0.000421,0.000421,0,0,6,0.269207,0.2823,99.578145,0.005397
jlord,jlord,,0,23,0.018059,0.018059,0.25731,44,5,0.342,0.372729,1504.037684,0.114674
jrburke,jrburke,,0,8,0.003354,0.003354,0.290909,16,6,0.31808,0.342066,825.871736,0.028588
joeeames,joeeames,,0,23,0.001989,0.001989,1,10,6,0.290717,0.308538,0,0.015528
maxogden,maxogden,,0,9,0.006967,0.006967,0.192308,15,6,0.322277,0.347407,634.94617,0.047693
cusspvz,cusspvz,,0,22,0.018647,0.018647,0.2,38,5,0.353452,0.38462,2016.691134,0.120017
chloerei,chloerei,,0,22,0.014703,0.014703,0.32381,34,5,0.336614,0.363294,665.147015,0.096948
codepo8,codepo8,,0,23,0.013265,0.013265,1,28,6,0.323251,0.345906,0,0.08099
simurai,simurai,,0,42,0.007586,0.007586,0.4,6,6,0.317608,0.338635,81.282474,0.04774
igorw,igorw,,0,23,0.007289,0.007289,0.371795,29,6,0.332168,0.359532,353.961013,0.055009
muan,muan,,0,23,0.026491,0.026491,0.203333,61,5,0.362442,0.396667,1983.168386,0.169042
pkrumins,pkrumins,,0,23,0.000457,0.000457,0,0,6,0.254919,0.266569,0,0.003314
stormzhang,stormzhang,,0,19,0.004201,0.004201,0.333333,7,6,0.316784,0.338012,196.075215,0.03097
AllenDowney,AllenDowney,,0,19,0.002447,0.002447,0.333333,7,6,0.303407,0.32306,99.548223,0.019753
judasn,judasn,,0,19,0.001969,0.001969,0.6,6,6,0.292808,0.310429,63.209546,0.014915
richhickey,richhickey,,0,26,0.002784,0.002784,0.466667,7,5,0.304487,0.322183,77.16339,0.020609
jennybc,jennybc,,0,42,0.006046,0.006046,0.190476,4,6,0.323251,0.345419,212.786709,0.041074
ramnathv,ramnathv,,0,42,0.001624,0.001624,0.178571,5,6,0.314338,0.334542,221.53314,0.018267
justmarkham,justmarkham,,0,42,0.006296,0.006296,0.177489,41,6,0.340773,0.371209,2706.564161,0.054531
graydon,graydon,,0,42,0.000272,0.000272,0,0,6,0.272553,0.28655,30.666276,0.004281
isaacs,isaacs,,0,7,0.012079,0.012079,0.136842,26,5,0.36,0.389669,1980.467708,0.087514
robbyrussell,robbyrussell,,0,36,0.0057,0.0057,0.545455,30,6,0.320946,0.344698,129.762182,0.047967
jimweirich,jimweirich,,0,32,0.00392,0.00392,1,15,6,0.306342,0.326491,0,0.029777
ry,ry,,0,42,0.000416,0.000416,0.488889,22,6,0.275451,0.293509,1043.674911,0.009635
opengiineer,opengiineer,,0,23,0.002435,0.002435,0.066667,1,6,0.313187,0.331248,1186.302238,0.019886
fchollet,fchollet,,0,42,0.000353,0.000353,1,21,6,0.268783,0.285361,0,0.008128
geohot,geohot,,0,45,0.000882,0.000882,0.488889,22,6,0.296669,0.31731,1118.288886,0.014102
aymericdamien,aymericdamien,,0,14,0.005613,0.005613,0.246667,74,6,0.340909,0.3723,4063.896685,0.056176
qiangxue,qiangxue,,0,30,0.000574,0.000574,0.466667,21,6,0.277868,0.296511,554.201077,0.010403
ageron,ageron,,0,42,0.003005,0.003005,0.409091,27,6,0.309446,0.332378,920.596184,0.027089
chiphuyen,chiphuyen,,0,42,0.000533,0.000533,0.821429,23,6,0.277778,0.295088,30.93419,0.010018
Stitchpunk,Stitchpunk,,0,42,0.002919,0.002919,0.289474,55,6,0.325219,0.352495,2703.221879,0.034877
SteveSanderson,SteveSanderson,,0,42,0.000011,0.000011,0,0,7,0.216018,0.223885,0,0.000737
taylorotwell,taylorotwell,,0,9,0.001017,0.001017,0.333333,2,6,0.275985,0.291306,26.761296,0.008512
barryvdh,barryvdh,,0,0,0.006622,0.006622,0.28655,49,6,0.336217,0.364717,1013.424643,0.055046
freekmurze,freekmurze,,0,0,0.00243,0.00243,0.333333,22,6,0.318792,0.342534,443.354718,0.027195
mholt,mholt,,0,9,0.003478,0.003478,0.2,2,6,0.314454,0.332651,174.616754,0.025948
chrisbanes,chrisbanes,,0,19,0.003076,0.003076,0.367647,50,6,0.3018,0.328168,319.981159,0.045575
sephiroth74,sephiroth74,,0,19,0.006375,0.006375,0.318841,88,6,0.328846,0.360019,693.900111,0.074029
ikew0ng,ikew0ng,,0,14,0.006006,0.006006,0.405263,77,6,0.334769,0.364464,539.931418,0.068058
sockeqwe,sockeqwe,,0,19,0.002736,0.002736,0.450549,41,6,0.296155,0.320858,112.553092,0.03889
castorflex,castorflex,,0,19,0.001638,0.001638,1,28,6,0.28481,0.30501,0,0.025141
SimonVT,SimonVT,,0,20,0.002717,0.002717,0.4,4,6,0.29958,0.319045,43.341232,0.022001
mikepenz,mikepenz,,0,2,0.003739,0.003739,0.30303,20,5,0.310232,0.334405,189.631108,0.038472
yigit,yigit,,0,1,0.004813,0.004813,0.448718,35,6,0.324971,0.350916,199.304874,0.048659
substack,substack,,0,7,0.000931,0.000931,0.1,1,6,0.285762,0.302437,99.952747,0.008646
mafintosh,mafintosh,,0,18,0.001299,0.001299,0.138889,5,6,0.294219,0.31384,551.938102,0.012519
noopkat,noopkat,,0,7,0.004967,0.004967,0,0,6,0.301587,0.320019,85.566221,0.029163
cloudwu,cloudwu,,0,36,0.003524,0.003524,0.088889,4,5,0.321791,0.34345,1478.718243,0.027683
gongminmin,gongminmin,,0,22,0.000977,0.000977,0.178571,5,6,0.304487,0.324172,402.779496,0.012227
zilongshanren,zilongshanren,,0,36,0.00266,0.00266,0.177778,8,6,0.327085,0.348538,578.426797,0.030554
MartinRGB,MartinRGB,,0,19,0.003451,0.003451,0.333333,35,6,0.326835,0.351871,747.068342,0.041813
tholman,tholman,,0,36,0.000089,0.000089,0,0,6,0.24352,0.252339,0,0.001139
migueldeicaza,migueldeicaza,,0,22,0.002025,0.002025,0.181818,12,5,0.321791,0.343996,2340.454001,0.023946
Terry-Mao,Terry-Mao,,0,36,0.0006,0.0006,0,0,6,0.285667,0.302495,391.079945,0.007363
progrium,progrium,,0,6,0.008641,0.008641,0.43956,40,6,0.346575,0.372865,790.827716,0.068834
jgthms,jgthms,,0,36,0.009295,0.009295,0.477124,73,5,0.348837,0.378558,449.137797,0.078699
sferik,sferik,,0,36,0.014566,0.014566,0.216092,94,5,0.363212,0.397641,5286.642388,0.127522
rafaelfranca,rafaelfranca,,0,36,0.015181,0.015181,0.473333,142,5,0.348269,0.381267,539.044093,0.12337
airen,airen,,0,42,0.014405,0.014405,0.247619,26,5,0.345874,0.374542,1268.00129,0.095813
kujian,kujian,,0,36,0.009483,0.009483,0.245014,86,5,0.361828,0.396277,3075.605057,0.089577
azer,azer,,0,9,0.003208,0.003208,0.066667,1,6,0.3,0.319571,90.385349,0.02202
wycats,wycats,,0,36,0.0488,0.0488,0.262485,226,5,0.382208,0.42232,3740.337407,0.321063
xdite,xdite,,0,36,0.005382,0.005382,0.619048,13,6,0.312958,0.3346,24.274503,0.04108
dhh,dhh,,0,36,0.011126,0.011126,0.561905,118,6,0.338346,0.368869,560.277643,0.095367
StephenGrider,StephenGrider,,0,36,0.010914,0.010914,0.779412,106,6,0.333854,0.362749,142.394708,0.091133
KrauseFx,KrauseFx,,0,36,0.013939,0.013939,0.51087,141,5,0.348127,0.380117,552.826542,0.127589
amatsuda,amatsuda,,0,36,0.018007,0.018007,0.409231,133,5,0.35789,0.391033,981.326306,0.140142
rkh,rkh,,0,36,0.011295,0.011295,0.52381,121,6,0.339825,0.370838,1486.754559,0.097405
chriseppstein,chriseppstein,,0,36,0.018453,0.018453,0.489177,113,6,0.34159,0.373548,552.821297,0.134043
chrisvfritz,chrisvfritz,,0,36,0.015491,0.015491,0.413793,180,5,0.365697,0.401365,1232.148606,0.136983
philsturgeon,philsturgeon,,0,36,0.001422,0.001422,0.2,3,6,0.300527,0.320195,135.580149,0.016664
clowwindy,clowwindy,,0,36,0.000259,0.000259,0.1,1,6,0.270142,0.284912,164.280897,0.00474
breakwa11,breakwa11,,0,36,0.00067,0.00067,0,0,6,0.269886,0.283723,60.771714,0.005341
dsxNiubility,dsxNiubility,,0,21,0.002618,0.002618,0.681818,45,6,0.313877,0.336784,732.010135,0.037677
yanzhenjie,yanzhenjie,,0,19,0.003269,0.003269,0.155556,7,6,0.307886,0.329844,825.920341,0.028267
raganwald,raganwald,,0,9,0.006293,0.006293,0.194444,7,5,0.332039,0.355302,551.624819,0.045359
AndiChiou,AndiChiou,,0,9,0.001,0.001,0.5,3,6,0.291113,0.306745,854,0.01034
FrankFang,FrankFang,,0,22,0.001109,0.001109,0.166667,1,6,0.294118,0.310253,65.937381,0.0126
kelseyhightower,kelseyhightower,,0,42,0.005023,0.005023,0.272727,15,6,0.326336,0.349142,355.743506,0.039303
JedWatson,JedWatson,,0,42,0.03218,0.03218,0.269841,102,5,0.368852,0.40347,1562.134533,0.205556
jayli,jayli,,0,42,0.005458,0.005458,0.428571,12,6,0.324848,0.34653,90.12721,0.039474
mjhea0,mjhea0,,0,42,0.002624,0.002624,0.47619,10,5,0.316549,0.335419,223.639333,0.024852
appleboy,appleboy,,0,5,0.030435,0.030435,0.19556,185,5,0.382379,0.423119,5462.617854,0.215747
justjavac,justjavac,,0,29,0.001119,0.001119,0.288889,13,6,0.311816,0.332827,417.689151,0.016961
skmetz,skmetz,,0,36,0.001499,0.001499,0.5,3,6,0.287685,0.304269,21.799904,0.012067
chenglou,chenglou,,0,14,0.018553,0.018553,0.228571,24,5,0.34448,0.372904,748.007177,0.118718
kytrinyx,kytrinyx,,0,14,0.009751,0.009751,0.116667,14,5,0.345874,0.37499,1484.499923,0.069226
mqyqingfeng,mqyqingfeng,,0,14,0.004204,0.004204,0.327273,18,6,0.334115,0.357875,418.587731,0.037382
iissnan,iissnan,,0,14,0.005235,0.005235,0.117647,16,6,0.335689,0.363645,3013.805863,0.044794
jessfraz,jessfraz,,0,1,0.001005,0.001005,0.5,3,6,0.302548,0.319669,25.751391,0.012478
jfeinstein10,jfeinstein10,,0,1,0.000981,0.000981,0.4,4,6,0.297081,0.315458,96.699272,0.012984
mcxiaoke,mcxiaoke,,0,23,0.002959,0.002959,0.389706,53,6,0.324232,0.349805,984.130401,0.044753
loopj,loopj,,0,19,0.005184,0.005184,0.457895,87,5,0.337012,0.365166,613.461308,0.075419
JakeLin,JakeLin,,0,28,0.007376,0.007376,0.416667,115,5,0.350841,0.381618,1303.976568,0.083627
CoderJackyHuang,CoderJackyHuang,,0,36,0.002921,0.002921,0.712121,47,5,0.32167,0.344055,117.258756,0.042006
MugunthKumar,MugunthKumar,,0,49,0.004572,0.004572,0.516667,62,5,0.329734,0.355614,1155.137837,0.058936
xhzengAIB,xhzengAIB,,0,11,0.004327,0.004327,0.357143,10,5,0.319746,0.339649,462.024657,0.042864
jspahrsummers,jspahrsummers,,0,49,0.000519,0.000519,1,1,6,0.277417,0.291813,0,0.00763
tangqiaoboy,tangqiaoboy,,0,33,0.002463,0.002463,0,0,5,0.309111,0.327329,727.017262,0.020021
PanJiaChen,PanJiaChen,,0,9,0.013558,0.013558,0.472727,26,5,0.334376,0.359669,185.415795,0.086095
cyanzhong,cyanzhong,,0,3,0.00566,0.00566,0.236364,13,5,0.325342,0.349142,717.290355,0.041728
dmytrodanylyk,dmytrodanylyk,,0,19,0.003458,0.003458,0.448718,35,6,0.325714,0.350565,285.112503,0.043359
KittenYang,KittenYang,,0,28,0.007983,0.007983,0.390476,41,5,0.352432,0.378577,1682.004979,0.080281
mitsuhiko,mitsuhiko,,0,22,0.010713,0.010713,0.252964,64,5,0.359697,0.391559,2368.973951,0.090904
BurntSushi,BurntSushi,,0,42,0.000339,0.000339,0.333333,1,6,0.271774,0.284698,126.234211,0.004402
alexcrichton,alexcrichton,,0,36,0.002606,0.002606,0.142857,3,6,0.320465,0.341111,394.760907,0.024931
alanhamlett,alanhamlett,,0,22,0.004393,0.004393,0.47619,10,5,0.320345,0.339942,80.487031,0.039307
dcramer,dcramer,,0,22,0.01216,0.01216,0.372549,57,6,0.347985,0.376901,732.00761,0.087205
ask,ask,,0,22,0.004914,0.004914,0.495238,52,6,0.329226,0.35386,1166.397814,0.043258
xiaojue,xiaojue,,0,22,0.001338,0.001338,0,0,6,0.302441,0.320468,113.406,0.014026
bnoordhuis,bnoordhuis,,0,9,0.002986,0.002986,0.183333,22,5,0.333593,0.359552,1828.722732,0.038111
avelino,avelino,,0,5,0.007864,0.007864,0.390476,82,5,0.354037,0.38501,1222.720904,0.070579
LeonidasEsteban,LeonidasEsteban,,0,22,0.005043,0.005043,0.383333,46,6,0.331524,0.357407,654.120355,0.044368
tomchristie,tomchristie,,0,22,0.006436,0.006436,0.257143,54,6,0.346014,0.376023,1864.468869,0.058265
adrianholovaty,adrianholovaty,,0,22,0.00273,0.00273,1,45,6,0.314685,0.335107,0,0.027732
peachananr,peachananr,,0,22,0.00273,0.00273,1,45,6,0.314685,0.335107,0,0.027732
mrdoob,mrdoob,,0,18,0.000951,0.000951,0.4,6,6,0.280788,0.296686,138.185572,0.008727
unconed,unconed,,0,18,0.003174,0.003174,0.6,6,6,0.290619,0.309045,182.898086,0.0199
qiao,qiao,,0,18,0.003982,0.003982,0.163636,9,6,0.325963,0.348694,1003.286208,0.035285
IanLunn,IanLunn,,0,18,0.000282,0.000282,1,6,6,0.261949,0.274191,0,0.003888
lazyprogrammer,lazyprogrammer,,0,18,0.003056,0.003056,0.2,11,5,0.31749,0.338752,1029.937391,0.025847
LeaVerou,LeaVerou,,0,42,0.004091,0.004091,0.166667,1,6,0.311589,0.331306,14.143069,0.029742
angusshire,angusshire,,0,17,0.000117,0.000117,1,1,7,0.256295,0.268042,0,0.002299
stoked-zz,stoked-zz,,0,17,0.000223,0.000223,0.333333,2,7,0.267188,0.28161,87.823395,0.003998
hongyangAndroid,hongyangAndroid,,0,19,0.005191,0.005191,0.450549,41,6,0.32872,0.355497,312.254384,0.056546
mttkay,mttkay,,0,1,0.007881,0.007881,0.419118,57,6,0.342548,0.371306,657.696766,0.073926
Udinic,Udinic,,0,19,0.004768,0.004768,0.525641,41,6,0.317726,0.343626,244.264207,0.04998
dodola,dodola,,0,5,0.000982,0.000982,0.190476,4,6,0.296463,0.315887,233.910862,0.016338
Skykai521,Skykai521,,0,19,0.000732,0.000732,0.238095,5,6,0.285,0.304581,101.634399,0.012454
johnpapa,johnpapa,,0,9,0.038517,0.038517,0.711462,180,6,0.327335,0.357817,1003.419494,0.220638
loiane,loiane,,0,9,0.037346,0.037346,1,171,6,0.324848,0.352943,0,0.212701
btford,btford,,0,9,0.039577,0.039577,0.957895,182,6,0.325714,0.3546,9.735696,0.224762
yuanyan,yuanyan,,0,8,0.039649,0.039649,0.623188,172,6,0.33942,0.371384,464.664463,0.229698
gdi2290,gdi2290,,0,14,0.037418,0.037418,0.9,171,6,0.331395,0.360019,465.949255,0.214239
vsavkin,vsavkin,,0,14,0.049248,0.049248,0.531034,231,5,0.344758,0.379591,578.971241,0.283898
doggy8088,doggy8088,,0,14,0.039577,0.039577,0.957895,182,6,0.325714,0.3546,9.735696,0.224762
mschwarzmueller,mschwarzmueller,,0,14,0.029709,0.029709,0.398693,61,5,0.333854,0.363489,352.497439,0.173834
DanWahlin,DanWahlin,,0,9,0.000974,0.000974,0,0,7,0.246682,0.258229,0,0.005719
sdras,sdras,,0,9,0.011869,0.011869,0.4,22,6,0.329988,0.355088,292.542301,0.074852
JeffreyWay,JeffreyWay,,0,0,0.005049,0.005049,0.208791,19,5,0.335557,0.361442,735.98927,0.043882
themsaid,themsaid,,0,0,0.002937,0.002937,0.6,6,6,0.306013,0.324386,25.704855,0.022115
mhartl,mhartl,,0,5,0.007964,0.007964,0.484848,32,6,0.342274,0.366433,365.58381,0.061927
GaelVaroquaux,GaelVaroquaux,,0,0,0.001021,0.001021,0.285714,6,6,0.302441,0.320799,991.316279,0.013315
matyhtf,matyhtf,,0,23,0.00267,0.00267,0.436364,24,6,0.317019,0.339162,241.037099,0.027861
daylerees,daylerees,,0,23,0.004599,0.004599,0.161905,17,6,0.327963,0.353197,1757.55762,0.038757
ircmaxell,ircmaxell,,0,5,0.002538,0.002538,0.285714,8,6,0.307775,0.327251,168.776563,0.02089
astaxie,astaxie,,0,5,0.005469,0.005469,0.247619,26,6,0.345874,0.371618,1936.631319,0.051114
guo-yu,guo-yu,,0,42,0.005673,0.005673,0.111111,5,6,0.329734,0.352339,851.438032,0.041023
orhanobut,orhanobut,,0,23,0.0004,0.0004,0.3,3,7,0.276163,0.290245,890.136535,0.005359
tobegit3hub,tobegit3hub,,0,23,0.003918,0.003918,0.214286,6,6,0.301268,0.320292,1225.050604,0.025741
dsyer,dsyer,,0,5,0.004497,0.004497,0.1,1,6,0.307997,0.325926,850.855393,0.028268
summerblue,summerblue,,0,5,0.002637,0.002637,0.333333,22,6,0.332039,0.356004,698.94976,0.032177
teaey,teaey,,0,5,0.002451,0.002451,0.238095,25,5,0.327712,0.353177,4420.695198,0.032158
wangshub,wangshub,,0,5,0.008447,0.008447,0.19883,34,5,0.361217,0.389493,1306.454039,0.078866
rlerdorf,rlerdorf,,0,8,0.004234,0.004234,0.075758,5,6,0.318199,0.3423,594.829087,0.0321
fabpot,fabpot,,0,23,0.006544,0.006544,0.285714,26,6,0.32948,0.355848,1170.836118,0.048511
joshaber,joshaber,,0,21,0.003927,0.003927,0.428571,12,6,0.316198,0.336959,495.839043,0.032486
shwenzhang,shwenzhang,,0,19,0.009003,0.009003,0.287749,101,5,0.357143,0.389669,2544.084257,0.096433
josevalim,josevalim,,0,29,0.00076,0.00076,0.25,7,6,0.302869,0.321871,514.968063,0.011385
dyc87112,dyc87112,,0,29,0.005249,0.005249,0.228571,24,6,0.33969,0.366706,1495.732498,0.052008
waylau,waylau,,0,29,0.000644,0.000644,0.4,6,6,0.285667,0.301891,139.146557,0.007816
Yixiaohan,Yixiaohan,,0,29,0.001444,0.001444,0.428571,9,6,0.304054,0.322242,171.609702,0.015205
ksky521,ksky521,,0,29,0.000741,0.000741,0.466667,21,6,0.294421,0.313626,194.735136,0.012004
yexiaochai,yexiaochai,,0,8,0.008119,0.008119,0.272727,15,5,0.333593,0.358811,505.970094,0.053676
wesbos,wesbos,,0,26,0.003308,0.003308,1,10,6,0.310796,0.328538,0,0.0257
zenorocha,zenorocha,,0,26,0.00331,0.00331,0.666667,10,6,0.310909,0.329123,854,0.025967
alex-cory,alex-cory,,0,26,0.022928,0.022928,0.387352,98,6,0.356398,0.388889,1213.269205,0.151563
mikeal,mikeal,,0,14,0.032092,0.032092,1,78,6,0.336614,0.363957,0,0.185057
kittens,kittens,,0,23,0.03605,0.03605,0.647059,99,5,0.339825,0.369181,403.473717,0.208278
alsotang,alsotang,,0,36,0.01418,0.01418,0.421053,80,5,0.360912,0.391852,827.023615,0.108844
sjl,sjl,,0,36,0.004897,0.004897,0.047619,1,6,0.320225,0.342086,1801.193732,0.03422
drnic,drnic,,0,36,0.004779,0.004779,0.357143,10,6,0.320225,0.342027,1020.7397,0.035653
tomdale,tomdale,,0,6,0.003865,0.003865,0.333333,2,5,0.316784,0.334522,22.065621,0.027973
akitaonrails,akitaonrails,,0,36,0.009925,0.009925,0.464286,13,6,0.332039,0.356842,71.895659,0.067034
dherman,dherman,,0,38,0.004739,0.004739,0.2,3,6,0.318673,0.338324,169.431859,0.03469
kaushikgopal,kaushikgopal,,0,1,0.003714,0.003714,0.272727,15,6,0.316198,0.339396,403.759975,0.033386
sofish,sofish,,0,36,0.000303,0.000303,0,0,6,0.266604,0.278421,0,0.003355
hakimel,hakimel,,0,8,0.006363,0.006363,0.107143,3,6,0.325963,0.348674,508.419559,0.043111
rpetrich,rpetrich,,0,8,0.000857,0.000857,0.5,3,6,0.274126,0.289123,31.100292,0.007249
romainfrancois,romainfrancois,,0,8,0.001179,0.001179,0.321429,9,6,0.294523,0.312788,338.220506,0.01224
botelho,botelho,,0,8,0.010253,0.010253,0.654545,36,6,0.325714,0.349825,917.738142,0.066844
aaronsw,aaronsw,,0,36,0.001051,0.001051,0.214286,6,6,0.307333,0.326628,310.262888,0.014562
jackmoore,jackmoore,,0,7,0.012705,0.012705,0.128655,22,6,0.351852,0.380955,1601.53945,0.087388
lemire,lemire,,0,5,0.005581,0.005581,0.390476,41,5,0.342685,0.370663,1241.259824,0.053076
sdiehl,sdiehl,,0,9,0.001181,0.001181,0.190476,4,6,0.304487,0.323353,208.914118,0.013007
djspiewak,djspiewak,,0,9,0.001759,0.001759,0.194444,7,6,0.300739,0.321891,335.575612,0.016346
paulmillr,paulmillr,,0,8,0.009092,0.009092,0.5,5,6,0.316198,0.337368,18.305849,0.054332
kamranahmedse,kamranahmedse,,0,11,0.008298,0.008298,0.375,45,6,0.336482,0.364055,655.81136,0.063454
Seldaek,Seldaek,,0,23,0.014021,0.014021,0.225108,52,5,0.34955,0.381131,1734.41167,0.094672
weierophinney,weierophinney,,0,23,0.004827,0.004827,0.666667,24,6,0.311022,0.334211,553.872066,0.03504
igrigorik,igrigorik,,0,23,0.012097,0.012097,0.287879,19,6,0.332168,0.35807,873.091321,0.074244
GrahamCampbell,GrahamCampbell,,0,23,0.000216,0.000216,0,0,7,0.254389,0.266035,3.10239,0.002569
pydanny,pydanny,,0,42,0.007646,0.007646,0.141667,17,6,0.348837,0.376452,1028.67341,0.060139
pjhyett,pjhyett,,0,36,0.000261,0.000261,0.333333,1,6,0.265281,0.279142,2.233075,0.004314
leah,leah,,0,36,0.004702,0.004702,0.736264,67,5,0.327963,0.35308,492.304403,0.04675
agentzh,agentzh,,0,18,0.004309,0.004309,0.2,2,6,0.311816,0.331072,274.489979,0.027932
brendangregg,brendangregg,,0,18,0.000384,0.000384,0.166667,1,6,0.27238,0.286023,61.955512,0.004952
octocat,octocat,,0,45,0.003984,0.003984,0.166667,1,6,0.301162,0.318655,512.361698,0.023962
fouber,fouber,,0,26,0.000008,0.000008,0,0,7,0.208435,0.214486,0,0.000406
BaiduFE,BaiduFE,,0,26,0.000325,0.000325,0,0,6,0.263239,0.275341,854,0.004611
cvander,cvander,,0,36,0.004765,0.004765,1,3,6,0.309895,0.326472,0,0.031934
ustbhuangyi,ustbhuangyi,,0,36,0.00698,0.00698,0.290909,16,5,0.326087,0.350078,433.402976,0.046725
abel533,abel533,,0,9,0.009268,0.009268,0.183333,22,5,0.342411,0.370507,2240.62574,0.064187
joearms,joearms,,0,7,0.000705,0.000705,0.466667,7,7,0.286049,0.30276,176.129426,0.008477
racaljk,racaljk,,0,29,0.001507,0.001507,0.145455,8,6,0.320465,0.342554,1237.728862,0.020178
programthink,programthink,,0,5,0.002043,0.002043,1,1,7,0.297288,0.313949,0,0.015372
shykes,shykes,,0,6,0.014227,0.014227,0.247368,47,6,0.360912,0.391598,1749.38857,0.103454
jaywcjlove,jaywcjlove,,0,19,0.000757,0.000757,1,1,6,0.275362,0.289493,0,0.006394
ibdknox,ibdknox,,0,26,0.014122,0.014122,0.247368,47,5,0.351707,0.380955,1557.285702,0.097986
rxin,rxin,,0,14,0.011762,0.011762,0.495238,52,6,0.343926,0.371637,768.49797,0.08194
gskinner,gskinner,,0,8,0.010486,0.010486,0.654545,36,6,0.327085,0.351228,100.103168,0.068247
binux,binux,,0,14,0.003586,0.003586,1,3,6,0.294421,0.31193,0,0.022291
cassidoo,cassidoo,,0,14,0.00389,0.00389,0.5,3,6,0.307665,0.326316,38.992911,0.026531
gabrielemariotti,gabrielemariotti,,0,2,0.00452,0.00452,0.352381,37,5,0.320826,0.34653,463.259022,0.049279
youxiachai,youxiachai,,0,16,0.009362,0.009362,0.327273,18,6,0.33191,0.356316,263.575164,0.068192
androidmalin,androidmalin,,0,19,0.006045,0.006045,0.350877,60,6,0.334769,0.363177,3019.920094,0.069159
Nightonke,Nightonke,,0,39,0.002788,0.002788,0.095238,2,6,0.312158,0.33193,1133.722159,0.024699
feross,feross,,0,18,0.002942,0.002942,0.142857,4,6,0.32646,0.349376,479.270791,0.030377
rasbt,rasbt,,0,14,0.002879,0.002879,0.333333,1,6,0.295745,0.312476,23.336637,0.018651
prakhar1989,prakhar1989,,0,23,0.014513,0.014513,0.152047,26,5,0.358942,0.389298,1972.412901,0.099037
SpikeKing,SpikeKing,,0,14,0.001847,0.001847,0.166667,11,6,0.307997,0.331618,1023.009038,0.022088
ChenYilong,ChenYilong,,0,19,0.000004,0.000004,0,0,8,0.200704,0.206568,0,0.000363
Piasy,Piasy,,0,19,0.000153,0.000153,0,0,7,0.251028,0.262467,854,0.00276
bobuk,bobuk,,0,36,0.002766,0.002766,0,0,6,0.287105,0.30384,1.927461,0.017504
miyagawa,miyagawa,,0,11,0.002996,0.002996,0,0,6,0.296669,0.314815,17.432455,0.01994
steveklabnik,steveklabnik,,0,36,0.012354,0.012354,0.2,24,6,0.329099,0.357992,1410.926931,0.08432
FiloSottile,FiloSottile,,0,36,0.004874,0.004874,0.333333,7,5,0.326211,0.348304,513.160352,0.03666
codahale,codahale,,0,44,0.003962,0.003962,0.6,6,5,0.307775,0.326881,462.561329,0.031825
typicode,typicode,,0,12,0.015142,0.015142,0.278947,53,6,0.35041,0.381092,709.622588,0.103515
xudafeng,xudafeng,,0,11,0.036354,0.036354,0.261905,165,5,0.38,0.417817,1964.623523,0.248506
amueller,amueller,,0,7,0.006138,0.006138,0.294872,23,6,0.325466,0.350741,2345.612066,0.043691
wesm,wesm,,0,11,0.003973,0.003973,0.287879,19,7,0.320705,0.343851,551.918617,0.032573
twiecki,twiecki,,0,11,0.005577,0.005577,0.311111,14,6,0.321429,0.343704,958.749152,0.040972
jnunemaker,jnunemaker,,0,22,0.000757,0.000757,0,0,6,0.276431,0.290273,6.549256,0.006644
glassesfactory,glassesfactory,,0,22,0.011696,0.011696,0.363636,24,6,0.33969,0.366179,267.613709,0.076017
VagrantStory,VagrantStory,,0,12,0.00334,0.00334,0.2,2,6,0.31012,0.32885,82.954521,0.023238
nzakas,nzakas,,0,9,0.017545,0.017545,1,21,6,0.307554,0.32961,0,0.098782
jamiebuilds,jamiebuilds,,0,9,0.018338,0.018338,0.75,21,6,0.314338,0.337232,11.989569,0.104279
TheLarkInn,TheLarkInn,,0,36,0.003873,0.003873,1,10,6,0.309783,0.329142,0,0.030409
schneems,schneems,,0,36,0.009458,0.009458,0.238916,97,5,0.35819,0.392183,2474.661805,0.091736
mattn,mattn,,0,19,0.010731,0.010731,0.26601,108,5,0.373362,0.407875,2463.25691,0.101935
necolas,necolas,,0,26,0.006126,0.006126,0.333333,2,6,0.313761,0.333509,15.074515,0.038165
evilsocket,evilsocket,,0,5,0.003527,0.003527,0.545455,36,5,0.336217,0.360156,1432.039233,0.037573
rhiever,rhiever,,0,42,0.003947,0.003947,0.346154,27,6,0.310909,0.33692,910.13784,0.031433
ogrisel,ogrisel,,0,38,0.006325,0.006325,0.137255,21,6,0.333724,0.363509,2969.379792,0.048738
jmportilla,jmportilla,,0,42,0.005362,0.005362,0.21978,20,6,0.323007,0.349844,1819.150791,0.040896
goodfeli,goodfeli,,0,14,0.000212,0.000212,0.333333,2,6,0.261868,0.27692,861.433238,0.004576
pluskid,pluskid,,0,42,0.000925,0.000925,0.618182,34,6,0.297702,0.31883,295.662286,0.01611
moxie0,moxie0,,0,14,0.000005,0.000005,0,0,7,0.207575,0.214779,0,0.000465
chenshuo,chenshuo,,0,0,0.000221,0.000221,0.3,3,7,0.274655,0.290576,189.052009,0.00474
mnielsen,mnielsen,,0,30,0.000204,0.000204,0.190476,4,7,0.27186,0.288296,1800.385965,0.005152
donnemartin,donnemartin,,0,30,0.000477,0.000477,0.238095,5,6,0.277597,0.294405,303.852488,0.006514
kevinzhow,kevinzhow,,0,33,0.00084,0.00084,0.2,3,6,0.292408,0.309357,191.117728,0.011041
oschina,oschina,,0,32,0.002637,0.002637,0.571429,16,6,0.321308,0.343314,206.80469,0.028794
lexrus,lexrus,,0,33,0.000076,0.000076,0,0,6,0.247467,0.25653,10.453668,0.00145
Unknwon,Unknwon,,0,5,0.00008,0.00008,0,0,6,0.254162,0.267544,1010.457805,0.002871
gaoxiang12,gaoxiang12,,0,45,0.000127,0.000127,0,0,6,0.25,0.262047,222.586358,0.002492
hustcc,hustcc,,0,5,0.000002,0.000002,0,0,7,0.202703,0.209209,0,0.000412
ebidel,ebidel,,0,9,0.011457,0.011457,0.571429,16,6,0.31808,0.341365,77.705462,0.066862
nomadbot,nomadbot,,0,23,0.000367,0.000367,0,0,7,0.261148,0.272409,21.713304,0.003081
gsdios,gsdios,,0,19,0.000747,0.000747,0.333333,2,6,0.285095,0.30152,239.032374,0.010949
biezhi,biezhi,,0,26,0.000375,0.000375,0.166667,1,6,0.282365,0.297544,104.985667,0.006541
robpike,robpike,,0,9,0.000737,0.000737,0.571429,16,6,0.294523,0.313255,279.920246,0.010858
code4craft,code4craft,,0,9,0.003183,0.003183,0.355556,16,6,0.315033,0.335828,511.940204,0.025387
answershuto,answershuto,,0,1,0.000552,0.000552,0.714286,15,6,0.286049,0.302788,69.045063,0.008684
slightlyoff,slightlyoff,,0,38,0.004951,0.004951,0.5,3,6,0.286817,0.305224,18.993878,0.028771
commonsguy,commonsguy,,0,1,0.003172,0.003172,0.666667,10,6,0.305794,0.326608,19.932359,0.027678
brianchandotcom,brianchandotcom,,0,26,0.000084,0.000084,0,0,7,0.237236,0.245052,0,0.001001
alex,alex,,0,36,0.002932,0.002932,0.095238,20,6,0.341045,0.37039,2925.517922,0.038188
jpetazzo,jpetazzo,,0,36,0.007887,0.007887,0.215789,41,5,0.352432,0.381501,1592.749364,0.067271
jordansissel,jordansissel,,0,36,0.000584,0.000584,1,6,6,0.285858,0.30193,0,0.0081
soumith,soumith,,0,13,0.009994,0.009994,1,55,6,0.340231,0.365517,0,0.074709
vbuterin,vbuterin,,0,13,0.010246,0.010246,0.580952,61,6,0.344064,0.371462,593.718834,0.078729
caolan,caolan,,0,13,0.010598,0.010598,0.863636,57,6,0.343373,0.369708,47.169982,0.079153
cssmagic,cssmagic,,0,18,0.001146,0.001146,0.666667,4,7,0.280973,0.29775,13.499441,0.009446
rmurphey,rmurphey,,0,6,0.001359,0.001359,0.1,1,7,0.293915,0.311766,98.868662,0.012419
SamyPesse,SamyPesse,,0,5,0.019125,0.019125,0.363636,20,6,0.339555,0.3654,118.633918,0.116237
mattdesl,mattdesl,,0,10,0.010127,0.010127,0.342857,36,6,0.338346,0.365634,374.58803,0.072424
miguelgrinberg,miguelgrinberg,,0,36,0.001452,0.001452,0,0,6,0.28934,0.306355,65.597757,0.011445
lanxuezaipiao,lanxuezaipiao,,0,15,0.002258,0.002258,0.166667,1,6,0.301056,0.316667,70.531165,0.017013
ageitgey,ageitgey,,0,36,0.007579,0.007579,0.638095,67,5,0.340502,0.367329,366.031448,0.062974
android10,android10,,0,19,0.001231,0.001231,0.177778,8,6,0.311135,0.333411,1623.924446,0.018847
holdenk,holdenk,,0,11,0.004749,0.004749,0.178947,34,6,0.341045,0.36846,2128.747803,0.044054
adamwathan,adamwathan,,0,0,0.001992,0.001992,0.285714,6,7,0.299475,0.318588,308.2993,0.01702
leizongmin,leizongmin,,0,23,0.007992,0.007992,0.409091,27,6,0.327963,0.351832,1051.716699,0.053814
kentcdodds,kentcdodds,,0,0,0.0105,0.0105,0.283333,85,5,0.357292,0.39154,1861.39351,0.09008
notwaldorf,notwaldorf,,0,13,0.00221,0.00221,1,15,6,0.298847,0.317368,0,0.019229
bevacqua,bevacqua,,0,13,0.00221,0.00221,1,15,6,0.298847,0.317368,0,0.019229
dominictarr,dominictarr,,0,13,0.003961,0.003961,0.327273,18,6,0.320946,0.344698,1113.031524,0.03401
mzabriskie,mzabriskie,,0,0,0.001673,0.001673,0.2,2,6,0.297909,0.315595,97.02735,0.013979
Germey,Germey,,0,36,0.004726,0.004726,0.846154,66,5,0.329353,0.35386,125.188752,0.046468
Draveness,Draveness,,0,26,0.001568,0.001568,0.071429,2,6,0.321187,0.340429,607.362212,0.018213
ityouknow,ityouknow,,0,5,0.000942,0.000942,0.333333,1,6,0.291312,0.307193,26.54581,0.009207
holman,holman,,0,12,0.000619,0.000619,0,0,7,0.260591,0.273461,0,0.004577
easychen,easychen,,0,26,0.001194,0.001194,0.178571,5,6,0.312386,0.332105,918.163651,0.016427
offensive-security,offensive-security,,0,27,0.000091,0.000091,0,0,6,0.252138,0.262456,313.60294,0.001845
zhengmin1989,zhengmin1989,,0,27,0.000053,0.000053,0,0,7,0.2291,0.237499,860.785297,0.001216
miloyip,miloyip,,0,28,0.005924,0.005924,0.238095,5,6,0.330499,0.352222,629.942237,0.045187
ppwwyyxx,ppwwyyxx,,0,35,0.00724,0.00724,0.4,4,6,0.312158,0.332105,857.540023,0.043997
shu223,shu223,,0,28,0.000354,0.000354,0,0,6,0.269546,0.282651,701.002359,0.004803
jtleek,jtleek,,0,11,0.003172,0.003172,0.392857,11,7,0.314801,0.334845,351.735106,0.025
rdpeng,rdpeng,,0,7,0.000941,0.000941,0.380952,8,7,0.29151,0.30929,140.044252,0.010575
hmason,hmason,,0,11,0.004093,0.004093,0.333333,1,6,0.29979,0.316589,26.466533,0.024211
bcaffo,bcaffo,,0,7,0.00101,0.00101,0.272727,15,6,0.295745,0.315107,998.685667,0.013412
laracasts,laracasts,,0,23,0.000191,0.000191,0,0,7,0.251841,0.262896,20.919377,0.002187
kylef,kylef,,0,23,0.00297,0.00297,0,0,6,0.279869,0.295789,174.782429,0.016737
dgryski,dgryski,,0,6,0.000226,0.000226,0,0,6,0.260274,0.270585,0,0.002711
yeasy,yeasy,,0,26,0.006986,0.006986,0.690909,38,6,0.333463,0.355848,137.384304,0.058257
gregkh,gregkh,,0,6,0.000226,0.000226,0,0,6,0.260274,0.270585,0,0.002711
armon,armon,,0,44,0.000537,0.000537,0.2,2,5,0.289242,0.30653,392.540806,0.009386
JohnSundell,JohnSundell,,0,19,0.000498,0.000498,0.166667,1,6,0.279961,0.295341,44.209263,0.006764
tqchen,tqchen,,0,42,0.000326,0.000326,0.6,6,7,0.269546,0.285898,79.407715,0.006291
mli,mli,,0,42,0.0008,0.0008,0.381818,21,6,0.296978,0.318694,460.541795,0.01385
dsacademybr,dsacademybr,,0,42,0.000321,0.000321,0.333333,2,6,0.262592,0.276862,54.214153,0.004543
zcbenz,zcbenz,,0,23,0.00092,0.00092,1,6,7,0.273512,0.288374,0,0.007828
DmitryBaranovskiy,DmitryBaranovskiy,,0,23,0.003537,0.003537,0.466667,7,6,0.304379,0.322456,102.46213,0.024529
arunoda,arunoda,,0,23,0.024629,0.024629,0.494737,94,6,0.350554,0.381715,1031.959733,0.155057
brianleroux,brianleroux,,0,23,0.003629,0.003629,0.214286,6,6,0.30967,0.330585,231.284196,0.026432
jdalton,jdalton,,0,7,0.002394,0.002394,0.4,4,6,0.300105,0.317856,156.58418,0.017553
crnacura,crnacura,,0,8,0.000259,0.000259,0,0,7,0.24576,0.25548,0,0.002055
anvaka,anvaka,,0,38,0.00082,0.00082,0,0,6,0.284053,0.29924,40.806766,0.007701
indutny,indutny,,0,26,0.001062,0.001062,0.2,3,6,0.293613,0.310838,956.488802,0.012009
campoy,campoy,,0,17,0.003677,0.003677,0.095238,2,6,0.311475,0.332671,374.872331,0.026003
siddontang,siddontang,,0,5,0.002861,0.002861,1,36,5,0.323129,0.345283,0,0.030743
yihui,yihui,,0,36,0.006782,0.006782,0.208791,19,5,0.332814,0.357934,1058.451642,0.048325
daneden,daneden,,0,8,0.00497,0.00497,1,3,6,0.305466,0.323918,0,0.030017
contra,contra,,0,8,0.013649,0.013649,0.145455,8,6,0.336085,0.361365,707.141336,0.085208
jwasham,jwasham,,0,30,0.008749,0.008749,0.142857,3,6,0.323986,0.346004,941.936559,0.053431
andrewsyc,andrewsyc,,0,30,0.000424,0.000424,0.333333,2,7,0.276878,0.291902,127.73125,0.005268
GcsSloop,GcsSloop,,0,1,0.000782,0.000782,0.4,6,6,0.276699,0.296062,76.580711,0.013021
lucasr,lucasr,,0,2,0.000459,0.000459,0.4,4,6,0.267857,0.284561,142.555018,0.007715
frogermcs,frogermcs,,0,2,0.000465,0.000465,0.6,6,6,0.271256,0.287739,24.362709,0.008342
jordwalke,jordwalke,,0,42,0.019638,0.019638,0.242105,46,5,0.356547,0.387856,1778.74452,0.130434
dli,dli,,0,36,0.006799,0.006799,0.75,21,6,0.319865,0.342885,252.897792,0.047444
nicklockwood,nicklockwood,,0,26,0.000602,0.000602,0,0,6,0.284431,0.297466,0,0.007241
dgrtwo,dgrtwo,,0,36,0.001327,0.001327,0.666667,10,6,0.28481,0.301988,16.698608,0.011403
ideawu,ideawu,,0,36,0.001262,0.001262,0.666667,10,6,0.285762,0.302943,51.308597,0.011128
desandro,desandro,,0,36,0.004769,0.004769,0.666667,10,6,0.313187,0.334133,15.604347,0.032354
colah,colah,,0,42,0.000425,0.000425,0.714286,15,6,0.278956,0.296452,99.951253,0.007639
jbenet,jbenet,,0,42,0.001296,0.001296,0.377778,17,6,0.306452,0.326764,492.735059,0.016494
poteto,poteto,,0,42,0.000342,0.000342,1,15,7,0.270398,0.286678,0,0.006485
dgadiraju,dgadiraju,,0,42,0.000765,0.000765,0.714286,15,6,0.287105,0.304737,110.65408,0.009613
MichalPaszkiewicz,MichalPaszkiewicz,,0,36,0.001041,0.001041,0.4,6,6,0.285571,0.301735,163.055468,0.009451
rdegges,rdegges,,0,42,0.007071,0.007071,0.1,1,6,0.320225,0.341813,179.925676,0.042744
vakila,vakila,,0,11,0.000302,0.000302,0.333333,1,7,0.257143,0.270382,27.466694,0.00336
rsc,rsc,,0,6,0.001647,0.001647,0.2,9,6,0.315498,0.336277,2230.781881,0.017869
davies,davies,,0,36,0.00102,0.00102,0.4,6,6,0.287782,0.304756,144.974359,0.009656
unclebob,unclebob,,0,4,0.000045,0.000045,0,0,7,0.24173,0.25159,118.140199,0.001348
byt3bl33d3r,byt3bl33d3r,,0,4,0.00013,0.00013,0.3,3,7,0.244635,0.256731,721.336688,0.002663
carpedm20,carpedm20,,0,14,0.002329,0.002329,0.444444,16,6,0.322398,0.344581,258.130624,0.024789
floodsung,floodsung,,0,14,0.001204,0.001204,0.4,6,6,0.303299,0.32191,52.420947,0.014686
iamtrask,iamtrask,,0,32,0.007316,0.007316,0.263736,24,6,0.344619,0.370994,1400.86059,0.056635
memo,memo,,0,42,0.00093,0.00093,0.527273,29,6,0.300633,0.321891,924.406466,0.016075
jendewalt,jendewalt,,0,30,0.000005,0.000005,0,0,8,0.213803,0.221277,0,0.000536
junyanz,junyanz,,0,30,0.000005,0.000005,0,0,8,0.213803,0.221277,0,0.000536
fatiherikli,fatiherikli,,0,9,0.021601,0.021601,0.752381,79,5,0.347985,0.376472,52.478045,0.136566
saulmm,saulmm,,0,19,0.002372,0.002372,0.509091,28,6,0.313646,0.336374,808.473921,0.030111
florina-muntenescu,florina-muntenescu,,0,19,0.002292,0.002292,0.644444,29,6,0.311362,0.333138,128.304017,0.029652
henriquebastos,henriquebastos,,0,32,0.004272,0.004272,0.483516,44,6,0.337544,0.36271,494.749941,0.048573
killme2008,killme2008,,0,19,0.006242,0.006242,0.294118,45,5,0.345874,0.374503,1908.633446,0.065333
bebraw,bebraw,,0,7,0.00019,0.00019,1,6,7,0.251175,0.263072,0,0.003255
bamos,bamos,,0,31,0.00019,0.00019,1,6,7,0.251175,0.263072,0,0.003255
j2kun,j2kun,,0,31,0.00019,0.00019,1,6,7,0.251175,0.263072,0,0.003255
egoist,egoist,,0,9,0.000078,0.000078,0,0,7,0.230956,0.239017,0,0.000853
ankane,ankane,,0,9,0.003067,0.003067,0.1,1,6,0.300211,0.318558,931.525492,0.021075
jcjohnson,jcjohnson,,0,42,0.000892,0.000892,1,28,6,0.29595,0.314971,0,0.01434
rbgirshick,rbgirshick,,0,42,0.000892,0.000892,1,28,6,0.29595,0.314971,0,0.01434
vinta,vinta,,0,32,0.002609,0.002609,0.333333,15,6,0.321066,0.342943,537.901217,0.027126
paullewis,paullewis,,0,18,0.000939,0.000939,0,0,7,0.271687,0.284261,4.732446,0.006402
swankjesse,swankjesse,,0,5,0.000852,0.000852,0.3,3,6,0.299475,0.316316,232.519435,0.010842
yole,yole,,0,23,0.000237,0.000237,0.266667,4,6,0.275985,0.292476,119.94624,0.006414
ai,ai,,0,8,0.003704,0.003704,0.066667,1,6,0.310007,0.329571,106.808012,0.026647
iluwatar,iluwatar,,0,19,0.000031,0.000031,0,0,7,0.237368,0.246603,0,0.000974
darkwing,darkwing,,0,14,0.008089,0.008089,0.190476,4,6,0.310796,0.331306,887.884059,0.049646
donnfelker,donnfelker,,0,1,0.004029,0.004029,0,0,6,0.303084,0.321462,203.485083,0.025015
cyrilmottier,cyrilmottier,,0,1,0.000484,0.000484,0.333333,1,7,0.265034,0.279621,4.995578,0.00627
joshlong,joshlong,,0,36,0.000354,0.000354,0,0,6,0.275097,0.288558,7.262919,0.004444
JeffLi1993,JeffLi1993,,0,26,0.002011,0.002011,0.181818,10,6,0.320585,0.343294,1193.726248,0.022726
diracdeltas,diracdeltas,,0,36,0.000174,0.000174,1,1,6,0.266024,0.278791,0,0.003067
junegunn,junegunn,,0,18,0.000805,0.000805,0.5,3,6,0.297909,0.315497,126.33341,0.011335
geerlingguy,geerlingguy,,0,33,0.000552,0.000552,0.4,4,6,0.289242,0.305945,333.585953,0.008298
developit,developit,,0,45,0.002726,0.002726,0,0,6,0.279047,0.294951,497.086164,0.016041
kejun,kejun,,0,9,0.003526,0.003526,0,0,6,0.296669,0.314425,89.491618,0.021702
jhaddix,jhaddix,,0,45,0.000089,0.000089,0,0,7,0.230956,0.241086,38.571858,0.001486
julycoding,julycoding,,0,41,0,0,0,0,8,0.176909,0.181419,0,0.000308
sstephenson,sstephenson,,0,41,0.000017,0.000017,0,0,7,0.214878,0.222804,854,0.000815
wyouflf,wyouflf,,0,20,0.002391,0.002391,1,1,6,0.292708,0.309318,0,0.016153
dlew,dlew,,0,1,0.002323,0.002323,0,0,6,0.292008,0.307895,0,0.015252
orderedlist,orderedlist,,0,42,0.00501,0.00501,1,3,6,0.305794,0.32423,0,0.030833
samyk,samyk,,0,6,0.000467,0.000467,0,0,6,0.268615,0.281267,32.374093,0.003979
antoniolg,antoniolg,,0,19,0.002373,0.002373,0.209524,22,5,0.316901,0.343392,753.084242,0.034552
haoel,haoel,,0,34,0.000002,0.000002,0,0,7,0.198146,0.203662,0,0.000337
oldratlee,oldratlee,,0,34,0.000062,0.000062,0,0,6,0.247038,0.257641,854,0.00172
lattner,lattner,,0,3,0.000216,0.000216,1,3,6,0.255376,0.267934,0,0.004343
erica,erica,,0,3,0.000216,0.000216,1,3,6,0.255376,0.267934,0,0.004343
johnlui,johnlui,,0,3,0.000706,0.000706,0.285714,6,6,0.282832,0.300019,188.470517,0.011086
vim-scripts,vim-scripts,,0,36,0.000312,0.000312,0,0,7,0.247683,0.258959,0,0.002594
BilgisayarKavramlari,BilgisayarKavramlari,,0,19,0.000336,0.000336,0,0,7,0.265446,0.278725,0,0.004602
nostra13,nostra13,,0,1,0.001809,0.001809,1,21,6,0.293411,0.313704,0,0.026782
ctiao,ctiao,,0,14,0.0072,0.0072,0.233766,54,5,0.342548,0.373021,1246.374877,0.080082
afollestad,afollestad,,0,39,0.004371,0.004371,0.166667,1,6,0.306561,0.325809,61.105197,0.028882
danluu,danluu,,0,18,0.009859,0.009859,0.12381,13,6,0.328846,0.355283,1397.448899,0.063677
huacnlee,huacnlee,,0,26,0.000483,0.000483,0,0,6,0.274038,0.286901,133.945797,0.004547
hunkim,hunkim,,0,32,0.000359,0.000359,0,0,6,0.267188,0.280507,893.363788,0.004208
KaimingHe,KaimingHe,,0,35,0.000183,0.000183,0,0,7,0.237963,0.246552,0,0.001361
mcollina,mcollina,,0,36,0.001728,0.001728,0.6,6,6,0.292808,0.31152,85.369924,0.014669
hxoht,hxoht,,0,18,0.000133,0.000133,0,0,7,0.251545,0.263161,12.359916,0.002091
technomancy,technomancy,,0,26,0.000836,0.000836,0.6,6,6,0.288559,0.304055,420.59652,0.008856
pedrovgs,pedrovgs,,0,23,0.000889,0.000889,0.266667,4,6,0.298117,0.315556,222.967181,0.01042
zzz40500,zzz40500,,0,19,0.001149,0.001149,0.166667,6,6,0.298117,0.31922,166.950778,0.018398
ramalho,ramalho,,0,22,0.001461,0.001461,0.066667,1,6,0.295235,0.313216,194.708478,0.012963
kripken,kripken,,0,38,0.003766,0.003766,0.333333,1,6,0.288559,0.30575,16.129136,0.022391
ded,ded,,0,14,0.000805,0.000805,0,0,6,0.267606,0.279591,0,0.00565
mxcl,mxcl,,0,8,0.00487,0.00487,0.777778,28,6,0.320946,0.342534,50.687496,0.050266
evancz,evancz,,0,38,0.000005,0.000005,0,0,7,0.205282,0.211635,0,0.000383
nathanmarz,nathanmarz,,0,38,0.000181,0.000181,0,0,6,0.25823,0.271033,886.842624,0.002703
lh3,lh3,,0,42,0.000244,0.000244,1,1,6,0.264297,0.277096,0,0.003264
jskeet,jskeet,,0,38,0.000356,0.000356,0.52381,11,6,0.282832,0.299649,287.312876,0.006883
chrismccord,chrismccord,,0,9,0.002544,0.002544,0.166667,1,6,0.312044,0.330136,113.76179,0.01935
jawil,jawil,,0,5,0.001831,0.001831,1,3,6,0.311362,0.328246,0,0.018261
andrew,andrew,,0,0,0.002945,0.002945,0.266667,4,6,0.324725,0.345478,254.272837,0.027014
qyuhen,qyuhen,,0,36,0.005688,0.005688,1,28,6,0.328973,0.350273,0,0.044171
Huxpro,Huxpro,,0,36,0.005812,0.005812,0.777778,28,6,0.333203,0.355302,77.601445,0.045825
ayende,ayende,,0,38,0.000954,0.000954,0.392857,11,5,0.302441,0.321754,945.048972,0.012909
NatashaTheRobot,NatashaTheRobot,,0,26,0.003595,0.003595,0.333333,1,6,0.308442,0.325809,854,0.025378
shekhargulati,shekhargulati,,0,23,0.001137,0.001137,0,0,6,0.290126,0.305517,7.083354,0.009404
una,una,,0,9,0.00904,0.00904,1,6,6,0.308776,0.327193,0,0.051424
JessYanCoding,JessYanCoding,,0,43,0.000233,0.000233,0,0,7,0.260116,0.27276,854,0.003595
huangz1990,huangz1990,,0,19,0.000233,0.000233,0,0,7,0.259957,0.27198,0,0.003318
arun-gupta,arun-gupta,,0,23,0.001045,0.001045,0.266667,4,7,0.298638,0.317107,919.080548,0.01169
mmin18,mmin18,,0,39,0.00055,0.00055,0.333333,1,6,0.267104,0.282008,8.31534,0.007934
kenwheeler,kenwheeler,,0,42,0.005244,0.005244,1,1,6,0.30095,0.318928,0,0.02997
ericdouglas,ericdouglas,,0,7,0.002973,0.002973,1,1,6,0.287782,0.304464,0,0.017609
atian25,atian25,,0,7,0.002973,0.002973,1,1,6,0.287782,0.304464,0,0.017609
blueimp,blueimp,,0,37,0.000691,0.000691,0,0,6,0.289536,0.305458,132.064645,0.008833
wbond,wbond,,0,37,0.000523,0.000523,0.333333,1,7,0.270827,0.28543,38.250025,0.005102
sonyxperiadev,sonyxperiadev,,0,9,0.000604,0.000604,0,0,6,0.273163,0.287018,34.430145,0.005412
jbogard,jbogard,,0,38,0.001922,0.001922,0.361111,13,6,0.296463,0.3154,1291.741938,0.015908
davidfowl,davidfowl,,0,38,0.000322,0.000322,0.666667,10,6,0.274831,0.288967,75.427061,0.005352
gregoryyoung,gregoryyoung,,0,8,0.000171,0.000171,0.666667,10,6,0.268193,0.281969,46.135134,0.004583
GoesToEleven,GoesToEleven,,0,17,0.002911,0.002911,0,0,6,0.290323,0.306452,17.219521,0.017627
olivergierke,olivergierke,,0,26,0.000202,0.000202,0,0,7,0.254768,0.264319,0,0.001955
kishikawakatsumi,kishikawakatsumi,,0,1,0.000512,0.000512,0.5,3,6,0.272206,0.288616,76.080687,0.006889
nixzhu,nixzhu,,0,33,0.002016,0.002016,0,0,6,0.28481,0.299532,28.642047,0.012856
aritraroy,aritraroy,,0,39,0.002773,0.002773,0.2,3,6,0.293814,0.313528,148.124398,0.02098
yiminghe,yiminghe,,0,16,0.002476,0.002476,0,0,6,0.303407,0.32,901.538171,0.018225
yanhaijing,yanhaijing,,0,7,0.001117,0.001117,0.238095,5,6,0.294219,0.312749,408.228138,0.011984
fatih,fatih,,0,7,0.000437,0.000437,0.5,3,6,0.265858,0.279649,63.906442,0.004761
chokcoco,chokcoco,,0,7,0.000326,0.000326,0.5,3,7,0.257685,0.270849,24.342376,0.003945
jonathanong,jonathanong,,0,32,0.000867,0.000867,0.333333,1,6,0.274831,0.289513,30.842883,0.007038
evilcos,evilcos,,0,40,0.000015,0.000015,0,0,7,0.21717,0.224492,0,0.000514
ring04h,ring04h,,0,40,0.000598,0.000598,0,0,6,0.277327,0.292865,1707,0.007778
mikeash,mikeash,,0,26,0.000009,0.000009,0,0,7,0.21706,0.225436,21.835519,0.00087
marcoarment,marcoarment,,0,26,0.000212,0.000212,0.333333,1,6,0.259327,0.271813,494.53131,0.004174
keyboardsurfer,keyboardsurfer,,0,1,0.000606,0.000606,0.5,3,6,0.282458,0.299766,46.418967,0.00857
mislav,mislav,,0,41,0.000658,0.000658,0.166667,1,6,0.273425,0.288908,1790.439258,0.007932
swannodette,swannodette,,0,9,0.001326,0.001326,0.166667,1,6,0.277507,0.293548,20.107725,0.009859
jamesmontemagno,jamesmontemagno,,0,22,0.000051,0.000051,0,0,6,0.24352,0.252398,0,0.001133
pjreddie,pjreddie,,0,14,0.004031,0.004031,0.222222,10,6,0.32646,0.349474,499.322416,0.033708
tmcw,tmcw,,0,36,0.003462,0.003462,1,10,6,0.309222,0.327739,0,0.02595
wepe,wepe,,0,26,0.000483,0.000483,1,1,6,0.276968,0.290604,0,0.006662
aphyr,aphyr,,0,36,0.000555,0.000555,0.166667,1,6,0.289144,0.304659,105.479132,0.007097
qii,qii,,0,26,0.000163,0.000163,1,1,6,0.265199,0.277641,0,0.002945
Marak,Marak,,0,22,0.001401,0.001401,0.333333,1,6,0.295848,0.312183,11.069204,0.011917
nfultz,nfultz,,0,39,0.004392,0.004392,0,0,6,0.3,0.317076,3.610519,0.025537
bos,bos,,0,6,0.000813,0.000813,0.190476,4,6,0.298429,0.316725,966.452091,0.010676
ornicar,ornicar,,0,23,0.001061,0.001061,0.333333,1,6,0.290619,0.305458,27.883531,0.00901
scottjehl,scottjehl,,0,23,0.008638,0.008638,1,6,6,0.30427,0.32347,0,0.049312
zhangxinxu,zhangxinxu,,0,7,0.000397,0.000397,0,0,7,0.25722,0.269613,13.48112,0.003447
hussien89aa,hussien89aa,,0,14,0.003569,0.003569,1,1,6,0.289242,0.305361,0,0.021191
jeromeetienne,jeromeetienne,,0,14,0.000205,0.000205,0,0,7,0.237171,0.245859,0,0.001531
garybernhardt,garybernhardt,,0,14,0.003439,0.003439,0,0,6,0.298429,0.315828,10.227065,0.021234
Ocramius,Ocramius,,0,0,0.003324,0.003324,0.252747,23,6,0.318792,0.342417,961.991746,0.032919
DamianEdwards,DamianEdwards,,0,38,0.00729,0.00729,0.583333,21,6,0.314223,0.336647,432.123058,0.046304
karan,karan,,0,5,0.000062,0.000062,0,0,6,0.246896,0.256862,0,0.001444
peterbourgon,peterbourgon,,0,6,0.000042,0.000042,0,0,7,0.239899,0.248452,0,0.000931
zhangkaitao,zhangkaitao,,0,36,0.005637,0.005637,1,1,6,0.295235,0.311696,0,0.032463
devunwired,devunwired,,0,2,0.000081,0.000081,0,0,7,0.24352,0.255578,58.795943,0.002295
BradLarson,BradLarson,,0,23,0.000014,0.000014,0,0,7,0.221617,0.229351,12.700888,0.000841
ccoenraets,ccoenraets,,0,9,0.002288,0.002288,0,0,6,0.266604,0.280019,0,0.012349
Blankj,Blankj,,0,19,0.001467,0.001467,0.333333,5,6,0.292608,0.311696,103.885965,0.015728
insidegui,insidegui,,0,7,0.000235,0.000235,1,1,6,0.261628,0.274055,0,0.004255
yegor256,yegor256,,0,36,0.000108,0.000108,0,0,7,0.247826,0.257886,0,0.00147
walkor,walkor,,0,0,0.001631,0.001631,0.535714,15,6,0.306452,0.326355,216.258829,0.018924
minimaxir,minimaxir,,0,42,0.001004,0.001004,1,1,6,0.291709,0.306608,0,0.010178
Grafikart,Grafikart,,0,9,0.003431,0.003431,0,0,6,0.296258,0.312827,4.029421,0.020796
dmalan,dmalan,,0,22,0.000335,0.000335,0.333333,1,6,0.274478,0.288343,26.174979,0.004427
florent37,florent37,,0,5,0.003207,0.003207,0.6,6,6,0.29636,0.31501,97.620133,0.023242
munificent,munificent,,0,36,0.00009,0.00009,0,0,7,0.246327,0.256268,10.917547,0.001541
dabeaz,dabeaz,,0,22,0.00029,0.00029,0,0,6,0.269291,0.28271,40.352028,0.003956
mission-peace,mission-peace,,0,42,0.00015,0.00015,0,0,6,0.249344,0.261637,20.711296,0.002318
codegangsta,codegangsta,,0,36,0.001922,0.001922,0,0,7,0.277597,0.291298,0,0.011407
akrabat,akrabat,,0,23,0.000206,0.000206,0.333333,1,7,0.254389,0.266405,295.923869,0.003014
bradfrost,bradfrost,,0,22,0.000203,0.000203,0,0,7,0.237434,0.246377,0,0.001477
lilydjwg,lilydjwg,,0,7,0.001745,0.001745,0.238095,5,6,0.307775,0.327271,154.264922,0.018638
littlecodersh,littlecodersh,,0,5,0.000336,0.000336,0,0,7,0.269801,0.282058,0,0.003796
be5invis,be5invis,,0,9,0.002288,0.002288,0,0,6,0.266604,0.280019,0,0.012349
jeasonlzy,jeasonlzy,,0,43,0.000006,0.000006,0,0,8,0.206472,0.212792,0,0.000387
xiaolai,xiaolai,,0,29,0.000513,0.000513,0,0,6,0.268109,0.280643,22.448224,0.004328
trustedsec,trustedsec,,0,4,0.000008,0.000008,1,3,7,0.209971,0.217864,0,0.001199
DanMcInerney,DanMcInerney,,0,4,0.000008,0.000008,1,3,7,0.209971,0.217864,0,0.001199
kbastani,kbastani,,0,22,0.00023,0.00023,0,0,7,0.248981,0.26005,861.61444,0.00248
CamDavidsonPilon,CamDavidsonPilon,,0,11,0.000141,0.000141,0,0,7,0.243312,0.252412,0,0.00146
yangshun,yangshun,,0,29,0.004415,0.004415,0.333333,2,6,0.307333,0.325283,203.185812,0.027099
hasinhayder,hasinhayder,,0,5,0.004498,0.004498,0.333333,2,6,0.311475,0.329279,65.744425,0.027948
travisneilson,travisneilson,,0,36,0.001788,0.001788,0,0,7,0.272553,0.285469,0,0.010399
jasondavies,jasondavies,,0,26,0.000027,0.000027,0,0,7,0.227031,0.234662,0,0.000685
teddysun,teddysun,,0,36,0.000333,0.000333,0.666667,2,6,0.264624,0.278616,4.754432,0.004776
Alvin9999,Alvin9999,,0,36,0.001013,0.001013,0.3,3,6,0.284715,0.301559,129.876597,0.009613
johnmyleswhite,johnmyleswhite,,0,0,0.000026,0.000026,0,0,7,0.232274,0.240198,0,0.000756
agragregra,agragregra,,0,16,0.000063,0.000063,0,0,7,0.232843,0.240248,0,0.000764
Vermisse,Vermisse,,0,36,0.00024,0.00024,0,0,6,0.265776,0.278168,0,0.003134
ashish1294,ashish1294,,0,26,0.000529,0.000529,1,1,6,0.281621,0.295926,0,0.007181
mosh-hamedani,mosh-hamedani,,0,14,0.001044,0.001044,0,0,7,0.250366,0.262331,0,0.006145
jedisct1,jedisct1,,0,44,0.00013,0.00013,0,0,6,0.248474,0.259259,59.379036,0.002302
robbiehanson,robbiehanson,,0,21,0.000165,0.000165,0,0,6,0.256295,0.267096,5.169256,0.002736
jserv,jserv,,0,29,0.000308,0.000308,0.333333,1,6,0.276163,0.289279,32.226413,0.004324
sentsin,sentsin,,0,42,0.000364,0.000364,0,0,6,0.257066,0.26807,0,0.00283
danielmiessler,danielmiessler,,0,45,0.000666,0.000666,0,0,6,0.268277,0.281774,258.393175,0.005208
natfriedman,natfriedman,,0,9,0.000208,0.000208,0,0,7,0.240642,0.249671,0,0.001551
redguardtoo,redguardtoo,,0,9,0.008216,0.008216,0.238095,5,6,0.316784,0.338324,1200.34346,0.050433
bytemaster,bytemaster,,0,28,0.00024,0.00024,0,0,7,0.261708,0.272361,0,0.002393
echen,echen,,0,18,0.000587,0.000587,0,0,7,0.252734,0.263473,0,0.003722
toxtli,toxtli,,0,23,0.000126,0.000126,0.333333,1,7,0.244915,0.255422,854,0.001979
medcl,medcl,,0,17,0.000058,0.000058,0,0,7,0.230769,0.238521,0,0.000774
mourner,mourner,,0,9,0.002099,0.002099,0,0,6,0.272206,0.285185,0,0.011664
rtomayko,rtomayko,,0,36,0.000121,0.000121,0,0,7,0.242622,0.251629,0,0.001276
photonstorm,photonstorm,,0,11,0.00048,0.00048,1,1,7,0.277237,0.290187,0,0.004983
ncase,ncase,,0,36,0.00179,0.00179,0,0,7,0.27264,0.285664,0,0.010436
lzyy,lzyy,,0,7,0.003271,0.003271,0.133333,2,6,0.318792,0.337973,147.706682,0.025267
AdiChat,AdiChat,,0,9,0.000025,0.000025,0,0,7,0.225534,0.23271,0,0.000593
hankcs,hankcs,,0,42,0.000082,0.000082,0,0,7,0.248258,0.259836,39.588892,0.002032
ireade,ireade,,0,39,0.003895,0.003895,0,0,6,0.290224,0.306101,0,0.021787
yunjey,yunjey,,0,32,0.000009,0.000009,0,0,7,0.210903,0.217391,0,0.000419
LFeh,LFeh,,0,22,0.002092,0.002092,0.166667,1,6,0.297909,0.314971,28.819206,0.016339
inconvergent,inconvergent,,0,9,0.000234,0.000234,0,0,6,0.255148,0.265906,0,0.00212
dougwilson,dougwilson,,0,23,0.000202,0.000202,0,0,7,0.247038,0.256541,0,0.001781
hollance,hollance,,0,42,0.000397,0.000397,1,3,6,0.271515,0.284815,0,0.004727
rednaxelafx,rednaxelafx,,0,40,0.000015,0.000015,0,0,7,0.21717,0.224492,0,0.000514
GeekTrainer,GeekTrainer,,0,23,0.000003,0.000003,0,0,8,0.196778,0.202189,0,0.00036
mperham,mperham,,0,38,0.000165,0.000165,1,1,6,0.261148,0.273275,0,0.002713
rauschma,rauschma,,0,26,0.001868,0.001868,0,0,7,0.279961,0.293344,0,0.011256
hueniverse,hueniverse,,0,23,0.00001,0.00001,0,0,8,0.216456,0.222995,0,0.000493
coding-horror,coding-horror,,0,26,0.000326,0.000326,0,0,6,0.266687,0.278791,0,0.004539
JackyAndroid,JackyAndroid,,0,19,0.000153,0.000153,0,0,7,0.25088,0.261688,0,0.002484
opensource-apple,opensource-apple,,0,36,0.001987,0.001987,0,0,6,0.290717,0.305322,1396.182358,0.013294
kpwn,kpwn,,0,27,0.000001,0.000001,0,0,8,0.186437,0.190987,0,0.000336
guolindev,guolindev,,0,39,0.000071,0.000071,0,0,7,0.237963,0.246349,0,0.001004
liuyubobobo,liuyubobobo,,0,5,0.00027,0.00027,0,0,7,0.258386,0.269446,0,0.002813
tonymorris,tonymorris,,0,6,0.000021,0.000021,0,0,7,0.229901,0.23787,0,0.000684
CharlinFeng,CharlinFeng,,0,26,0.000091,0.000091,0,0,7,0.235797,0.243473,0,0.000913
shama,shama,,0,38,0.00063,0.00063,0,0,7,0.250586,0.261532,0,0.003887
robconery,robconery,,0,38,0.000049,0.000049,0,0,7,0.228732,0.236845,0,0.000832
cer,cer,,0,22,0.000006,0.000006,0,0,8,0.199394,0.205033,0,0.00037
mattgemmell,mattgemmell,,0,49,0.000116,0.000116,0,0,6,0.248042,0.25807,0,0.002147
anishathalye,anishathalye,,0,22,0.000124,0.000124,0,0,7,0.247754,0.25738,0,0.001668
connors,connors,,0,36,0.003776,0.003776,1,1,6,0.290323,0.304737,0,0.023394
chaoslawful,chaoslawful,,0,9,0.000733,0.000733,1,1,7,0.256911,0.26895,0,0.005006
livoras,livoras,,0,36,0.000983,0.000983,0,0,6,0.282832,0.297446,3.790409,0.008301
mgp25,mgp25,,0,36,0.001985,0.001985,0,0,6,0.290126,0.303957,0,0.012957
